#VRML V2.0 utf8
# converted from dsa1u_6k.stl by scripts/stl_to_wrl.py
Shape {
  appearance Appearance { material Material {
    diffuseColor 0.227 0.239 0.267 specularColor 0.2 0.2 0.2 shininess 0.3 } }
  geometry IndexedFaceSet {
    creaseAngle 0.5
    coord Coordinate { point [
0.9252 0.3484 0,
0.8071 0.2303 0.1181,
0.3484 0.3484 0,
0.2303 0.2303 0.1181,
0.9252 -0.3484 0,
0.3484 -0.3484 0,
0.8071 -0.2303 0.1181,
0.2303 -0.2303 0.1181,
0.3484 -0.9252 0,
0.2303 -0.8071 0.1181,
-0.3484 -0.9252 0,
-0.2303 -0.8071 0.1181,
-0.2303 -0.2303 0.1181,
-0.3484 -0.3484 0,
-0.8071 -0.2303 0.1181,
-0.9252 -0.3484 0,
-0.8071 0.2303 0.1181,
-0.9252 0.3484 0,
-0.2303 0.2303 0.1181,
-0.3484 0.3484 0,
-0.2303 0.8071 0.1181,
-0.3484 0.9252 0,
0.2303 0.8071 0.1181,
0.3484 0.9252 0,
-0.2303 0.2303 1.8504,
-0.2303 0.8071 1.8504,
0.2303 0.8071 1.8504,
0.2303 0.2303 1.8504,
0.8071 0.2303 1.8504,
0.8071 -0.2303 1.8504,
0.2303 -0.2303 1.8504,
-1.1025 0.028 0,
-1.0976 -0.1077 0,
-1.076 -0.2418 0,
-1.0381 -0.3722 0,
-0.9845 -0.4969 0,
-0.916 -0.6142 0,
-0.8336 -0.7221 0,
-0.7385 -0.819 0,
-0.6323 -0.9036 0,
-0.5165 -0.9744 0,
-0.3928 -1.0305 0,
-0.2632 -1.071 0,
-0.1296 -1.0952 0,
0.006 -1.1028 0,
0.1415 -1.0937 0,
0.2748 -1.0681 0,
0.404 -1.0262 0,
0.527 -0.9688 0,
0.6421 -0.8967 0,
0.7474 -0.811 0,
0.8414 -0.713 0,
0.9226 -0.6042 0,
0.9899 -0.4862 0,
1.0421 -0.3609 0,
1.0786 -0.2301 0,
1.0987 -0.0958 0,
1.1021 0.04 0,
1.0889 0.1751 0,
1.0591 0.3076 0,
1.0133 0.4354 0,
0.9521 0.5566 0,
0.8765 0.6694 0,
0.7876 0.772 0,
0.6867 0.863 0,
0.5755 0.9408 0,
0.4555 1.0044 0,
0.3286 1.0527 0,
0.1967 1.0851 0,
0.0619 1.1011 0,
-0.0739 1.1004 0,
-0.2085 1.0829 0,
-0.34 1.0491 0,
-0.4664 0.9994 0,
-0.5857 0.9345 0,
-0.6961 0.8554 0,
-0.7959 0.7634 0,
-0.8837 0.6598 0,
-0.9581 0.5462 0,
-1.0179 0.4243 0,
-1.0624 0.296 0,
-1.0907 0.1632 0,
-0.2303 -0.2303 1.8504,
-0.8071 0.2303 1.8504,
-0.8071 -0.2303 1.8504,
0.2303 -0.8071 1.8504,
-0.2303 -0.8071 1.8504,
-1.1022 -0.0366 2.2441,
-1.1016 0.0485 2.2441,
-1.0844 0.2055 2.2441,
-1.0282 0.4013 2.2441,
-0.9399 0.5783 2.2441,
-0.8482 0.7056 2.2441,
-0.716 0.84 2.2441,
-0.5545 0.9541 2.2441,
-0.4134 1.0229 2.2441,
-0.2334 1.0788 2.2441,
-0.0371 1.1029 2.2441,
0.1197 1.0968 2.2441,
0.3047 1.0609 2.2441,
0.4891 0.9893 2.2441,
0.6244 0.9096 2.2441,
0.7703 0.7905 2.2441,
0.8989 0.6402 2.2441,
0.9804 0.506 2.2441,
1.0526 0.332 2.2441,
1.0948 0.1387 2.2441,
1.1032 -0.018 2.2441,
1.0844 -0.2055 2.2441,
1.0302 -0.3957 2.2441,
0.9634 -0.5378 2.2441,
0.8582 -0.6941 2.2441,
0.7204 -0.836 2.2441,
0.5943 -0.9295 2.2441,
0.4277 -1.0175 2.2441,
0.2392 -1.0773 2.2441,
0.0839 -1.1001 2.2441,
-0.1046 -1.0988 2.2441,
-0.299 -1.0623 2.2441,
-0.4466 -1.0089 2.2441,
-0.612 -0.9186 2.2441,
-0.766 -0.7945 2.2441,
-0.8707 -0.6776 2.2441,
-0.9737 -0.5197 2.2441,
-1.0507 -0.3375 2.2441,
-1.0877 -0.185 2.2441,
2.035 1.9879 3.1114,
2.1244 1.9323 3.0925,
2.0704 2.0036 3.0992,
2.0811 1.9065 3.1091,
2.048 1.9073 3.112,
2.2091 1.6143 3.0898,
2.1582 1.6389 3.0951,
2.3592 1.0751 3.064,
2.2504 1.3266 3.0789,
2.3735 0.9139 3.0604,
2.3296 1.0332 3.0662,
2.2889 1.1539 3.0707,
2.3406 0.898 3.0611,
2.378 1.2415 3.045,
2.397 1.0759 3.0491,
2.4315 1.0393 3.0292,
2.4439 -0.9842 3.0259,
2.4296 -0.9304 3.0413,
2.3796 -1.2568 3.0411,
2.4164 -0.2405 3.0473,
2.3942 -0.5346 3.0516,
2.4283 -0.5835 3.0498,
2.438 -0.7035 3.0466,
2.3442 -1.2226 3.065,
2.2878 -1.5315 3.0648,
2.3256 -1.0557 3.0676,
2.2479 -1.4789 3.0838,
2.209 -1.6856 3.0852,
2.215 -1.7487 3.0734,
0.8097 -2.4257 3.0484,
0.5229 -2.4825 3.0304,
0.9089 -2.4523 3.0282,
0.674 -2.494 3.0132,
0.3998 -2.5234 3.0049,
0.5916 -2.4153 3.0524,
0.0777 -2.4554 3.0438,
0.39 -2.4666 3.0405,
-1.0168 -2.435 3.0292,
-0.9945 -2.4094 3.0484,
-1.2085 -2.3908 3.0392,
-1.2661 -2.2819 3.0761,
-1.36 -2.2407 3.0802,
-1.5304 -2.2306 3.0865,
-1.25 -2.3258 3.0692,
-1.3635 -2.3224 3.0644,
-2.4873 -0.7308 3.0151,
-2.4791 -0.5987 3.0298,
-2.5183 -0.4772 3.0053,
-2.5383 -0.1384 2.9993,
-2.5281 -0.188 3.0071,
-2.2548 -1.2861 3.0764,
-2.3262 -0.9785 3.0637,
-2.3062 -1.1697 3.0717,
-2.4254 -0.8402 3.0474,
-2.4501 -0.5493 3.0443,
-2.5058 -0.2022 3.024,
-2.3626 -0.9318 3.0621,
-2.393 -0.8965 3.0568,
-2.4766 -0.1673 3.0385,
-2.4398 -0.1948 3.0463,
-2.4021 -0.4452 3.0502,
-2.4383 -0.0792 3.0463,
-2.4013 -0.3093 3.0471,
-2.4655 0.6057 3.0373,
-2.4099 1.022 3.0461,
-2.4736 0.7881 3.0218,
-2.4275 1.0552 3.0308,
-2.3862 0.3823 3.0467,
-2.3862 0.5446 3.0514,
-2.4157 0.2598 3.0475,
-2.4016 0.6673 3.0541,
-2.3375 0.9149 3.0612,
-2.3438 1.0588 3.0665,
-2.22 1.5854 3.0878,
-2.0612 1.9137 3.1115,
-2.0886 1.9372 3.1056,
-0.3139 2.5371 2.9939,
-0.4817 2.5151 3.0081,
-0.0717 2.5391 2.9994,
-0.7414 2.4456 3.0423,
-0.4866 2.4821 3.0319,
-1.009 2.3564 3.0641,
-0.6275 2.4329 3.0486,
1.6753 2.2369 3.0731,
1.8676 2.1356 3.0968,
1.8648 2.1656 3.0818,
1.9398 2.1329 3.0861,
1.899 2.0941 3.1067,
1.8711 2.0782 3.1088,
1.9305 2.0872 3.107,
1.6661 2.1349 3.0961,
1.9039 2.0338 3.1106,
1.9406 2.0242 3.1133,
2.005 1.9315 3.1105,
2.0098 1.9792 3.1135,
1.9938 2.0457 3.1087,
1.6052 2.2287 3.0842,
1.467 2.2191 3.0863,
1.51 2.2446 3.0837,
1.2098 2.3078 3.0726,
1.2347 2.2756 3.0748,
1.2022 2.3967 3.0362,
1.0326 2.431 3.0309,
1.1812 2.3784 3.0505,
-1.2255 2.3339 3.0676,
-1.421 2.2665 3.08,
-1.244 2.2922 3.0749,
-1.4045 2.2371 3.0833,
-1.0467 2.4238 3.0349,
-1.2684 2.4026 3.0191,
-1.3843 2.346 3.0474,
-1.6824 2.1332 3.0976,
-1.5983 2.1994 3.0914,
-1.9408 2.0323 3.1133,
-1.9004 2.0356 3.1104,
-1.5623 2.2858 3.0601,
-1.74 2.2201 3.0718,
-1.6972 2.21 3.0835,
-1.9315 2.1334 3.0877,
-1.8594 2.1466 3.0922,
-1.9059 2.1096 3.1021,
-2.0883 1.9801 3.0981,
-2.1293 1.9415 3.0873,
-2.154 1.8839 3.0856,
-2.2168 1.6625 3.0845,
-2.1837 1.5734 3.0918,
-2.2518 1.319 3.0779,
-2.2645 1.4057 3.0807,
-2.2671 1.6039 3.0661,
-2.3245 1.3305 3.0659,
-2.3037 1.4727 3.0624,
-2.3339 1.4126 3.0511,
-2.493 0.4214 3.0271,
-2.4475 0.5194 3.0456,
-2.4105 0.075 3.0455,
-2.5057 0.6768 3.0011,
-2.5227 0.4127 3.0046,
-2.5248 0.0654 3.0121,
-2.5296 0.1772 3.0074,
-2.4105 -1.1311 3.0347,
-2.3425 -1.3441 3.0561,
-2.3779 -1.1681 3.0522,
-2.1941 -1.5348 3.0899,
-2.241 -1.5067 3.0848,
-2.0839 -1.8065 3.1051,
-2.0695 -1.9165 3.111,
-2.0254 -1.9664 3.1141,
-2.0001 -1.9529 3.1123,
-1.9319 -2.0165 3.1118,
-2.3327 -1.4185 3.051,
-2.2825 -1.5737 3.0605,
-2.2558 -1.5499 3.0784,
-2.199 -1.7197 3.0858,
-2.1479 -1.8247 3.0959,
-1.9495 -2.0426 3.1132,
-1.9618 -2.1142 3.091,
-1.9579 -2.0821 3.1045,
-2.0268 -2.0503 3.0995,
-2.0875 -1.9917 3.0962,
-2.0877 -1.988 3.096,
-2.1165 -1.9423 3.0947,
-1.9367 -2.13 3.0881,
-1.7661 -2.2037 3.0775,
-1.8659 -2.1294 3.099,
-0.8346 -2.364 3.0593,
-0.6515 -2.4109 3.0529,
-0.5434 -2.3946 3.0519,
-0.4247 -2.5194 3.007,
-0.1923 -2.5473 2.9875,
-0.184 -2.5187 3.0158,
0.0439 -2.5541 2.9824,
0.0624 -2.5186 3.0176,
1.0254 -2.4287 3.0336,
1.2345 -2.3904 3.0364,
1.3109 -2.3375 3.0617,
1.0615 -2.363 3.0628,
1.2252 -2.3411 3.0652,
1.566 -2.209 3.0899,
1.6452 -2.1566 3.0963,
1.4536 -2.2136 3.0851,
1.7194 -2.1698 3.0955,
1.934 -2.0741 3.1092,
1.9178 -2.0573 3.1118,
1.5228 -2.2951 3.0612,
1.7019 -2.2261 3.075,
1.6987 -2.2013 3.0875,
2.1428 -1.9192 3.0845,
2.113 -1.9106 3.1005,
2.1914 1.7203 3.0894,
2.3058 1.3926 3.0698,
2.3301 1.3214 3.0635,
2.2704 1.5458 3.0714,
2.2235 1.7372 3.0703,
2.1238 1.6909 3.0975,
2.2781 1.5977 3.0595,
2.3115 1.4802 3.0563,
2.1995 1.474 3.0855,
2.4841 0.7468 3.0162,
2.4571 0.7526 3.0354,
2.5158 0.4852 3.0068,
2.4811 0.4646 3.0332,
2.535 0.2388 3,
2.5054 0.232 3.0236,
2.5381 -0.0495 3.0005,
2.5102 -0.1136 3.0225,
2.5315 -0.2558 3.0027,
2.5154 -0.491 3.0073,
2.4873 -0.5105 3.0278,
2.4866 -0.7663 3.0117,
2.4204 0.7751 3.0508,
2.4783 0.1502 3.038,
2.4703 -0.2435 3.0401,
2.4757 -0.3448 3.037,
2.433 0.4132 3.0482,
2.4437 -0.0213 3.0455,
2.3917 0.6374 3.054,
2.4112 0.3252 3.0485,
2.3822 0.5801 3.0519,
2.4111 0.1289 3.0461,
2.0938 -1.9125 3.1067,
2.2172 -1.4408 3.0843,
2.1243 -1.7072 3.0991,
2.0849 -1.8194 3.1065,
2.046 -1.9432 3.1125,
2.0096 -1.9564 3.1136,
2.076 -1.9667 3.105,
2.0306 -2.0175 3.1076,
1.9944 -2.0251 3.1121,
1.9594 -2.088 3.1022,
2.1195 -1.9629 3.0873,
1.9077 -2.119 3.0981,
1.9378 -2.1283 3.0889,
2.0651 -2.0235 3.0945,
1.8697 -2.1706 3.0779,
1.9308 -2.0229 3.1124,
2.0119 -2.0842 3.0903,
1.7789 -2.0952 3.1034,
1.3857 -2.3429 3.0491,
1.0376 -2.3398 3.0663,
0.9883 -2.4102 3.0474,
1.201 -2.279 3.0727,
0.822 -2.3512 3.0583,
0.3229 -2.5067 3.021,
0.3829 -2.4018 3.0484,
0.1042 -2.419 3.0468,
-0.1782 -2.4382 3.0464,
0.0742 -2.4937 3.0317,
-0.3862 -2.4685 3.04,
-0.4201 -2.4993 3.0228,
-0.2052 -2.409 3.0464,
-0.7203 -2.4272 3.0496,
-0.6165 -2.4697 3.0341,
-0.5234 -2.5051 3.0153,
-0.7553 -2.4614 3.032,
-0.7832 -2.4788 3.0171,
-1.0456 -2.3449 3.0658,
-0.9519 -2.3289 3.0626,
-1.4002 -2.3373 3.0511,
-1.6461 -2.1802 3.0943,
-1.6204 -2.1559 3.0941,
-1.5937 -2.2412 3.0806,
-1.6152 -2.2692 3.0623,
-1.7678 -2.1001 3.1027,
-1.9089 -2.0836 3.1083,
-1.9993 -2.0113 3.1129,
-2.0449 -1.994 3.1082,
-2.1541 -1.8898 3.0839,
-2.222 -1.7375 3.071,
-2.2551 -1.3997 3.0817,
-2.3507 -1.1555 3.0643,
-2.4279 -1.0068 3.0365,
-2.4248 -0.5061 3.0499,
-2.4576 -0.9185 3.0218,
-2.3714 -0.6754 3.0545,
-2.4944 0.1413 3.0309,
-2.3963 0.7479 3.0558,
-2.3899 0.9085 3.0574,
-2.3785 1.0876 3.057,
-2.3976 1.2045 3.035,
-2.0488 2.0242 3.1009,
-2.1022 1.7467 3.1008,
-2.0265 1.9474 3.1138,
-1.9996 2.0228 3.1117,
-1.9695 2.0806 3.1029,
-2.0257 2.0685 3.0924,
-1.9807 2.1044 3.0901,
-2.0423 1.8846 3.1094,
-1.9273 2.0785 3.1085,
-1.9785 1.9765 3.1126,
-1.8955 2.0802 3.1092,
-1.5539 2.2509 3.0798,
-1.5627 2.1767 3.091,
-1.1718 2.3718 3.0554,
-1.4081 2.316 3.063,
-0.8453 2.4472 3.0353,
-0.794 2.4765 3.018,
-1.0827 2.3114 3.0683,
-0.2324 2.5055 3.0236,
-0.5774 2.4096 3.0524,
-0.7015 2.3683 3.055,
-0.0611 2.4976 3.0302,
0.2072 2.5346 3.0012,
-0.1168 2.4594 3.0431,
0.1072 2.5091 3.0227,
0.3107 2.5015 3.0246,
0.4629 2.5189 3.0054,
-0.3117 2.4044 3.0475,
-0.1732 2.426 3.0468,
0.149 2.4477 3.045,
0.3322 2.4659 3.041,
0.6083 2.4662 3.0368,
0.7449 2.4867 3.0139,
0.1183 2.4196 3.0466,
0.8505 2.4414 3.039,
0.5407 2.4098 3.0518,
0.8472 2.402 3.055,
1.0472 2.392 3.0534,
0.5344 2.3876 3.0511,
0.8886 2.3674 3.061,
1.3097 2.3076 3.0726,
1.0266 2.3209 3.066,
1.3853 2.3177 3.0646,
1.4878 2.3103 3.0559,
1.9842 2.0052 3.1136,
1.9922 2.0979 3.0899,
2.0387 2.0591 3.0918,
2.1817 1.9673 3.0454,
2.3783 1.5882 2.9786,
2.472 1.4852 2.915,
2.5349 1.0803 2.9189,
2.5574 0.7709 2.9338,
2.6702 0.4112 2.8284,
2.6263 0.2993 2.8899,
2.7105 0.1978 2.7858,
2.8638 0.4643 2.5585,
2.9164 0.1523 2.4856,
2.9351 0.5568 2.442,
3.004 0.2917 2.3371,
3.1421 0.4941 2.0695,
3.0568 0.3383 2.2403,
3.1202 0.0394 2.1232,
2.7568 0.4497 2.7136,
2.8103 -0.0213 2.6492,
2.8612 -0.1524 2.5721,
2.8075 -0.5227 2.6381,
2.9079 -0.5272 2.4871,
2.6089 -0.4061 2.905,
2.7332 -0.2394 2.7534,
2.6919 -0.4844 2.7972,
2.5803 -0.622 2.9223,
2.4867 -1.2488 2.9419,
2.4039 -1.4788 2.9785,
2.5251 -1.8453 2.7925,
2.4956 -1.9864 2.7897,
2.6165 -1.9822 2.6726,
2.7094 -2.0472 2.5596,
2.7177 -2.2072 2.5163,
2.7921 -2.177 2.437,
3.0222 -2.3589 2.0914,
2.9451 -2.3411 2.2072,
3.0586 -2.5142 2.0067,
3.442 -2.9515 1.1426,
3.4047 -2.9615 1.2463,
3.4416 -3.3059 1.1005,
2.1575 -2.0966 3.018,
2.2442 -2.0809 2.9721,
1.7015 -2.3112 3.0105,
0.8933 -2.502 2.9789,
0.7533 -2.5737 2.9179,
0.5745 -3.173 2.002,
0.1649 -3.1938 1.9675,
0.586 -3.2629 1.7994,
0.4112 -2.6702 2.8284,
0.2926 -2.6216 2.8959,
0.1978 -2.7105 2.7858,
0.3082 -2.9173 2.4811,
0.1425 -2.9682 2.4007,
0.6055 -2.9979 2.3351,
0.345 -3.055 2.2436,
0.2318 -3.136 2.0897,
0.376 -2.8617 2.565,
0.2312 -2.786 2.6811,
-0.0377 -2.8618 2.5723,
-0.4061 -2.6089 2.905,
-0.2496 -2.7887 2.6762,
-0.5055 -2.749 2.7204,
-0.3856 -2.8912 2.5201,
-0.6803 -2.8746 2.5293,
-0.7913 -2.5576 2.9316,
-1.054 -2.5284 2.9295,
3.0659 -3.5823 0.4263,
3.5039 -3.5827 0.3937,
3.3479 -3.5822 0.4263,
3.2574 -3.5804 0.472,
-1.2631 -2.501 2.9252,
-1.4056 -2.4502 2.9498,
2.7802 -3.5823 0.4263,
2.9154 -3.5805 0.4746,
2.5844 -3.5812 0.4601,
2.2994 -3.5823 0.4262,
2.6094 -3.5824 0.4195,
-1.5907 -2.3794 2.9772,
0.7573 -3.5824 0.4263,
0.876 -3.5827 0.3937,
0.9952 -3.5824 0.4264,
1.752 -3.5827 0.3937,
1.6984 -3.5824 0.4263,
-2.0469 -2.1263 3.054,
0.3082 -3.5824 0.4264,
0 -3.5827 0.3937,
-2.142 -2.1555 2.9998,
-3.0919 -3.0803 1.804,
-3.1285 -3.103 1.749,
-3.1726 -3.1642 1.654,
-3.5549 -3.5644 0.4189,
-3.5606 -3.5525 0.4794,
-3.5719 -3.5434 0.4259,
-2.533 -2.44 2.6392,
-2.5972 -2.4433 2.5848,
-2.6697 -2.5756 2.4747,
-2.2277 -2.0997 2.9757,
-2.3557 -1.8058 2.9516,
-2.3834 -1.569 2.9781,
-2.447 -1.4853 2.9384,
-2.4903 -1.3287 2.9251,
-2.5569 -0.8377 2.9268,
-2.6179 -0.6868 2.8733,
-2.6305 -0.2541 2.8859,
-3.5631 -3.5025 0.6072,
-3.5644 -3.4939 0.6106,
-3.5689 -3.5243 0.5401,
-3.576 -3.5243 0.4798,
-3.5718 -3.5347 0.4806,
-2.558 0.0721 2.9767,
-2.6087 0.3573 2.9084,
-3.0919 0.5633 2.1665,
-3.0826 0.9748 2.1606,
-3.1744 0.4687 2.0033,
-3.1426 0.9991 2.0427,
-3.1806 1.0242 1.9631,
-3.2484 0.5897 1.8333,
-3.2161 1.1865 1.8765,
-3.5815 0.7957 0.4601,
-3.5803 1.4074 0.4871,
-3.5814 1.3246 0.4601,
-3.5824 1.4078 0.4262,
-2.4822 1.0576 2.9765,
-2.4292 1.5336 2.9449,
-2.5251 1.8453 2.7925,
-2.5549 2.0838 2.712,
-2.6165 1.9822 2.6726,
-2.7094 2.0472 2.5596,
-2.7177 2.2072 2.5163,
-2.7921 2.177 2.437,
-3.257 2.6769 1.6267,
-3.223 2.5635 1.7123,
-3.2309 2.8705 1.6465,
-2.2454 1.759 3.0484,
-2.3943 1.7226 2.9372,
-2.2917 1.9491 2.9698,
-2.2074 2.0231 3.0133,
-2.1261 2.0467 3.0542,
-2.1538 2.1659 2.9893,
-2.4006 2.3327 2.7769,
-2.3481 2.3491 2.8,
-2.4851 2.4444 2.6711,
-3.2869 2.7561 1.5528,
-2.0077 2.1558 3.0503,
-2.1376 2.2584 2.9436,
-1.9593 2.1793 3.0492,
-3.5823 1.9941 0.4263,
-3.5827 1.752 0.3937,
-3.5808 2.0287 0.4749,
-1.774 2.3379 2.9735,
-3.5823 2.7487 0.4263,
-3.5827 2.628 0.3937,
-3.5823 2.3665 0.4263,
-3.5813 2.3766 0.4601,
-3.5823 3.1625 0.4263,
-3.5811 2.9454 0.4602,
-3.5827 3.5039 0.3937,
-3.5822 3.5044 0.4258,
-3.5809 3.3205 0.4602,
-0.9851 2.5404 2.9267,
-0.7708 2.5574 2.9339,
-0.876 3.5827 0.3937,
-1.0414 3.5824 0.4263,
-0.4176 3.5824 0.4263,
0 3.5827 0.3937,
0.4192 3.5824 0.4263,
-0.0601 3.5804 0.4923,
-0.2993 2.6263 2.8899,
-0.4347 2.6886 2.8039,
-0.3652 2.7626 2.7089,
-0.4906 2.9135 2.4799,
-0.2522 2.8679 2.5604,
-0.1425 2.9682 2.4007,
-0.5315 3.0302 2.2826,
-0.2143 3.0365 2.2793,
-0.3914 3.1012 2.155,
-0.6144 3.5815 0.4603,
0.0119 2.7148 2.782,
-0.074 2.819 2.6355,
0.4061 2.6089 2.905,
0.2599 3.1937 1.9664,
0.4956 3.166 2.0201,
0.5897 3.2484 1.8333,
0.7801 3.5706 0.62,
0.762 3.5611 0.7043,
1.4765 3.567 0.647,
0.5633 3.0919 2.1665,
0.9866 3.1222 2.0844,
1.0242 3.1806 1.9631,
1.0501 3.2166 1.8838,
0.7466 2.5181 2.9795,
1.0576 2.4822 2.9765,
1.5335 2.4291 2.9449,
1.6149 2.2847 3.05,
1.8453 2.5251 2.7925,
2.0031 2.5335 2.75,
1.9822 2.6165 2.6726,
2.1318 2.8731 2.344,
2.1647 2.7873 2.4456,
2.3498 2.9152 2.2458,
2.5032 3.0746 1.9839,
2.396 2.9824 2.1436,
2.5972 3.003 2.0746,
1.7226 2.3943 2.9372,
2.1377 2.1312 3.013,
2.1796 2.1299 2.9924,
2.7046 2.6627 2.4059,
2.7784 2.7149 2.3182,
2.7902 2.7824 2.2709,
2.892 2.8363 2.1534,
2.9288 2.9154 2.0727,
3.0323 3.0171 1.9092,
3.1254 3.0763 1.771,
3.1126 3.1036 1.7653,
2.2181 2.074 2.9907,
2.2995 2.2754 2.8633,
2.3288 2.2296 2.8646,
2.4421 2.42 2.7104,
2.4692 2.3524 2.7213,
2.5761 2.5558 2.5547,
2.5999 2.5166 2.5559,
2.9981 2.9149 2.0042,
3.0647 3.0074 1.8808,
3.0629 2.9598 1.9056,
3.1445 3.0714 1.75,
2.2983 2.1097 2.9254,
2.4203 2.2484 2.7929,
2.5533 2.3966 2.6383,
2.9238 2.7996 2.1349,
3.1244 3.005 1.8022,
3.1608 3.0542 1.732,
3.5814 3.5186 0.4238,
3.5742 3.539 0.4226,
3.5785 3.5098 0.4911,
3.0283 3.0603 1.8738,
3.0945 3.1432 1.7388,
3.0457 3.113 1.8029,
2.1603 2.2386 2.9475,
3.5216 3.5759 0.4917,
3.5071 3.5788 0.4883,
3.5033 3.5691 0.5753,
3.5071 3.5581 0.6266,
3.4837 3.5453 0.7111,
3.4273 3.4817 0.9506,
3.4361 3.504 0.8855,
3.3914 3.4624 1.0248,
3.3786 3.4357 1.0933,
3.3369 3.4118 1.1711,
3.3201 3.3808 1.2421,
3.2725 3.3522 1.3233,
3.252 3.317 1.3962,
3.1982 3.2836 1.4805,
3.1742 3.2443 1.5546,
3.1316 3.2047 1.6352,
3.0779 3.185 1.6874,
2.9576 3.0654 1.9027,
2.8105 2.8983 2.1593,
2.8986 2.9976 2.0117,
2.7806 2.9247 2.1389,
2.7233 2.8393 2.2561,
2.628 3.5827 0.3937,
3.131 3.5823 0.4261,
3.5084 3.5826 0.3962,
1.752 3.5827 0.3937,
2.2193 3.5823 0.4262,
3.1772 3.3822 1.2734,
3.2259 3.3347 1.3718,
0.876 3.5827 0.3937,
1.4265 3.5824 0.4262,
1.3887 3.5815 0.46,
-1.752 3.5827 0.3937,
-1.6658 3.5824 0.4263,
-1.3577 3.5812 0.4687,
-0.6551 2.6565 2.8295,
-2.628 3.5827 0.3937,
-2.2797 3.5823 0.4262,
-1.9736 3.5807 0.4764,
-3.5039 3.5827 0.3937,
-2.5733 3.5823 0.4264,
-3.5376 3.5751 0.4183,
-3.5173 3.5796 0.4639,
-3.5119 3.5822 0.424,
-3.5572 3.5622 0.4121,
-3.5721 3.5436 0.4115,
-3.5635 3.5505 0.4704,
-3.5827 0.876 0.3937,
-3.5824 0.274 0.4263,
-3.5827 -0 0.3937,
-2.6498 0.0314 2.8659,
-3.5825 -0.6698 0.4192,
-3.5824 -0.5504 0.4263,
-3.5803 0.0599 0.4947,
-3.5827 -1.752 0.3937,
-3.5824 -1.6086 0.4262,
-3.5815 -0.8148 0.4602,
-3.5827 -2.628 0.3937,
-3.5823 -1.9318 0.4264,
-3.5814 -1.6745 0.46,
-3.5827 -3.5039 0.3937,
-3.5823 -2.5733 0.4264,
-3.5823 -2.3274 0.4263,
-3.5822 -3.5119 0.424,
-3.5792 -3.5254 0.4334,
-3.5797 -3.5043 0.4794,
-2.7675 0.0954 2.7093,
-2.8235 -0.1673 2.6276,
-2.7066 -0.0123 2.7935,
-3.5468 -3.5647 0.4802,
-3.549 -3.55 0.5556,
-3.5378 -3.527 0.662,
-3.5406 -3.5421 0.6129,
-3.5244 -3.5237 0.7075,
-3.4963 -3.5312 0.7445,
-3.5042 -3.4947 0.8142,
-3.4786 -3.5137 0.8172,
-3.4633 -3.4988 0.8751,
-3.4666 -3.4568 0.95,
-3.4404 -3.4764 0.952,
-3.4209 -3.4576 1.0133,
-3.4198 -3.4097 1.093,
-3.3929 -3.4303 1.0939,
-3.3692 -3.4075 1.1583,
-3.3639 -3.3534 1.2419,
-3.336 -3.3753 1.2419,
-3.308 -3.3485 1.309,
-3.299 -3.2878 1.396,
-3.2459 -3.2672 1.4748,
-3.2277 -3.2176 1.5467,
-3.1382 -3.1606 1.6884,
-3.0683 -3.0659 1.8387,
-2.9997 -3.0274 1.9254,
-3.0015 -2.9868 1.9589,
-2.9476 -2.9468 2.0349,
-2.3363 -2.3126 2.8247,
-2.4017 -2.4007 2.7441,
-2.2602 -2.3086 2.8647,
-2.2336 -2.2051 2.9313,
-2.4495 -2.5343 2.6343,
-2.4969 -2.611 2.5551,
-2.3286 -2.4858 2.7162,
-2.2976 -2.3961 2.7939,
-2.4631 -2.6272 2.5509,
-2.628 -3.5827 0.3937,
-3.2995 -3.5822 0.4262,
-3.5039 -3.5827 0.3937,
-1.752 -3.5827 0.3937,
-2.2193 -3.5823 0.4262,
-0.876 -3.5827 0.3937,
-1.4265 -3.5824 0.4262,
-0.4606 -3.5824 0.4263,
-0.6225 -3.5815 0.4603,
3.4482 -3.5801 0.4735,
3.4409 -3.5784 0.4953,
3.3006 -3.5762 0.5263,
3.5587 -3.5604 0.4178,
3.5733 -3.5413 0.4208,
3.5542 -3.5592 0.4767,
3.5822 -3.5127 0.4171,
3.578 -3.5268 0.4432,
3.5697 -3.5396 0.4772,
3.5827 -2.628 0.3937,
3.5822 -3.2602 0.4263,
3.5827 -1.752 0.3937,
3.5823 -2.2391 0.4263,
3.5827 -0.876 0.3937,
3.5824 -1.4265 0.4262,
3.5827 -0 0.3937,
3.5824 -0.4192 0.4263,
3.5811 -1.4064 0.4699,
3.5825 0.6698 0.4192,
3.5824 0.5504 0.4263,
3.5815 -0.1096 0.4602,
3.5827 1.752 0.3937,
3.5824 1.6086 0.4262,
3.5815 0.5623 0.4602,
3.5827 2.628 0.3937,
3.5823 2.2797 0.4262,
3.5814 1.5395 0.4599,
3.5827 3.5039 0.3937,
3.5823 2.5733 0.4264,
3.5822 3.4645 0.4253,
3.5787 3.5063 0.4908,
3.575 3.4669 0.5316,
3.5691 3.4966 0.578,
3.1474 2.979 1.7711,
3.2093 3.1083 1.638,
3.0577 2.8615 1.9369,
3.0012 2.7793 2.0367,
2.9746 2.6917 2.0939,
2.9201 2.556 2.1968,
2.8564 2.4739 2.2966,
2.7966 2.6636 2.3214,
2.7964 2.5131 2.3582,
2.7099 2.4136 2.4784,
2.3071 1.8677 2.9765,
3.0658 2.6654 1.9674,
3.109 2.7185 1.8891,
2.6519 2.5054 2.5152,
2.7151 2.5759 2.4322,
2.8518 2.7487 2.2331,
2.6391 2.6831 2.4345,
2.7953 2.8296 2.2321,
3.5626 3.5483 0.4933,
3.566 3.5506 0.4454,
3.5493 3.5679 0.43,
2.3289 2.3933 2.7833,
2.4311 2.4939 2.6713,
2.5332 2.592 2.555,
2.6932 2.7456 2.3569,
2.8702 2.9087 2.1188,
2.9234 2.9601 2.0391,
2.9743 3.0094 1.9596,
3.1341 3.1681 1.6824,
3.1813 3.1746 1.6351,
3.2001 3.2337 1.5544,
3.2043 3.1845 1.6027,
3.2602 3.254 1.4749,
3.2603 3.2936 1.4275,
3.2913 3.3204 1.3638,
3.3077 3.3018 1.3701,
3.3426 3.3717 1.2416,
3.3405 3.3347 1.293,
3.3612 3.3555 1.2422,
3.3952 3.3801 1.1667,
3.3995 3.4272 1.0927,
3.4171 3.4117 1.0934,
3.4418 3.4365 1.021,
3.4369 3.465 0.9791,
3.4561 3.481 0.9225,
3.4779 3.4728 0.9038,
3.477 3.5043 0.8419,
3.4923 3.5167 0.7885,
3.5072 3.5021 0.7927,
3.5141 3.5396 0.6864,
3.5262 3.5212 0.7076,
3.5456 3.5316 0.6263,
3.5336 3.5591 0.5676,
3.5575 3.5406 0.5531,
3.5409 3.5667 0.4954,
2.0233 2.2368 2.993,
2.1542 2.3246 2.8936,
2.505 2.8923 2.244,
2.2318 2.3842 2.8256,
2.257 2.4321 2.7811,
2.1684 2.5339 2.7127,
2.3982 2.5481 2.6423,
2.415 2.6422 2.5485,
2.2103 2.6438 2.5947,
2.3807 2.7284 2.4661,
2.2943 2.7706 2.4375,
2.4523 2.809 2.3578,
2.004 2.7047 2.5739,
1.8439 2.3133 2.9769,
1.9425 2.3775 2.9022,
1.9749 2.4571 2.8265,
1.3931 2.5017 2.9023,
1.1241 2.5442 2.9025,
0.939 2.6009 2.8652,
0.7265 2.5876 2.904,
0.0931 2.6441 2.8727,
0.4358 2.6982 2.7919,
0.1499 2.8446 2.5975,
0.4636 2.7829 2.6757,
0.482 2.8365 2.5977,
0.5094 2.9127 2.4806,
0.1585 2.9453 2.4379,
0.4077 2.9831 2.3698,
0.1079 3.0583 2.2415,
0.5515 3.0298 2.2814,
0.1002 3.1375 2.0871,
0.1208 3.2312 1.8824,
0.1213 3.2543 1.8279,
0.1104 3.2853 1.7519,
0.1489 3.3104 1.6866,
0.6706 3.2844 1.7429,
0.7006 3.3308 1.6213,
0.1156 3.3461 1.5894,
0.4422 3.3701 1.5174,
0.4587 3.4433 1.2799,
0.5534 3.4666 1.192,
-0.4294 3.4704 1.1798,
0.1641 3.542 0.8376,
0.5188 3.529 0.9104,
1.1149 3.5284 0.9065,
0.6066 3.549 0.7918,
-0.2475 3.56 0.7157,
0.2121 3.5699 0.6288,
0.4869 3.5766 0.5515,
-0.2554 3.5666 0.6603,
-0.7408 2.8511 2.5598,
-0.9276 3.2326 1.8549,
-0.4564 3.2129 1.9199,
-0.4253 3.2757 1.7722,
-1.0891 3.3229 1.6269,
-0.4172 3.3367 1.6127,
-1.2018 3.3636 1.5097,
-0.623 3.3824 1.4767,
-1.2377 3.4036 1.3887,
-0.6703 3.4124 1.3812,
-0.7005 3.4824 1.1255,
-0.4677 3.4957 1.0716,
-1.1052 3.5096 0.9975,
-0.4725 3.5113 0.9997,
-0.4888 3.5299 0.9062,
-1.2112 3.5323 0.8815,
-0.8426 3.5499 0.7842,
-0.4922 3.5519 0.7728,
-1.3111 3.567 0.6499,
-0.5436 3.5737 0.5881,
-1.3124 3.5784 0.5228,
-0.6466 3.5791 0.5127,
-1.0816 2.55 2.9021,
-1.2088 2.5148 2.9202,
-1.4527 2.4907 2.9021,
-1.7555 2.4513 2.8803,
-1.686 2.3546 2.9781,
-3.5804 2.8468 0.4761,
-2.0846 2.2868 2.9407,
-1.7693 2.2397 3.0503,
-2.1874 2.3708 2.8492,
-2.0962 2.4682 2.789,
-2.9899 2.9467 1.9966,
-2.9899 2.98 1.9744,
-3.0842 3.0471 1.836,
-2.6496 2.6701 2.4374,
-2.5897 2.6404 2.4914,
-2.6679 2.7327 2.3804,
-2.7425 2.7473 2.3269,
-3.0106 2.9169 1.9883,
-3.0803 2.9877 1.8717,
-2.8393 2.7635 2.2395,
-2.7327 2.6921 2.3682,
-2.8289 2.7999 2.2299,
-2.9278 2.8696 2.1019,
-2.2381 2.2627 2.9003,
-2.2773 2.2166 2.9014,
-2.2178 2.1171 2.9757,
-2.7375 2.6085 2.4003,
-2.7952 2.6653 2.3222,
-2.8359 2.5453 2.3048,
-2.9511 2.5771 2.151,
-3.0366 2.7057 2.0027,
-3.0266 2.4329 2.0714,
-3.0884 2.5165 1.9589,
-2.3454 2.2087 2.8611,
-2.3527 2.1576 2.8711,
-2.4177 1.9553 2.866,
-2.897 2.0765 2.3221,
-2.8799 2.2876 2.3053,
-2.9985 2.121 2.1683,
-2.9493 2.3551 2.1982,
-3.1975 2.3442 1.7942,
-3.14 2.5031 1.8752,
-3.1749 2.63 1.7918,
-3.2718 2.4365 1.6301,
-2.5017 1.3931 2.9023,
-2.5442 1.1241 2.9025,
-2.6009 0.939 2.8652,
-3.5767 0.9046 0.5497,
-3.5762 1.6753 0.5506,
-2.6982 0.4358 2.7919,
-2.8505 0.1113 2.5892,
-2.7829 0.4636 2.6757,
-2.8623 0.4916 2.5593,
-2.9237 0.1074 2.4746,
-2.9577 0.4524 2.411,
-3.0073 0.5439 2.322,
-3.0369 0.1058 2.2803,
-3.1035 0.0077 2.1562,
-3.231 0.262 1.8809,
-3.2543 0.266 1.8259,
-3.2767 0.2701 1.7711,
-3.2945 0.5984 1.7207,
-3.3468 0.5779 1.5812,
-3.3301 -0.0546 1.6347,
-3.4309 -0.1732 1.3262,
-3.4062 0.6809 1.4003,
-3.4554 0.022 1.2382,
-3.4534 0.5497 1.242,
-3.4811 0.5797 1.1344,
-3.4894 0.7702 1.0945,
-3.5124 -0.1011 0.9996,
-3.5297 0.3519 0.913,
-3.521 0.5899 0.9527,
-3.5432 0.1904 0.8315,
-3.5236 1.0895 0.9305,
-3.5374 0.7994 0.8598,
-3.5517 0.626 0.7744,
-3.5646 -0.1097 0.679,
-3.563 0.7441 0.69,
-3.5725 0.4086 0.6029,
-2.6962 -0.4111 2.7954,
-2.7603 -0.6315 2.6967,
-2.7009 -0.8546 2.7543,
-2.5466 -1.104 2.9028,
-2.4593 -1.8101 2.8614,
-2.3715 -2.152 2.8575,
-2.2742 -1.9028 2.9937,
-2.4682 -2.0962 2.789,
-2.2229 -2.0178 3.004,
-2.3478 -2.2086 2.8598,
-2.297 -2.1847 2.9016,
-2.4423 -2.3298 2.7489,
-2.4713 -2.4703 2.6668,
-2.5386 -2.5376 2.5888,
-2.6036 -2.6027 2.5104,
-2.7271 -2.7262 2.3524,
-2.781 -2.7102 2.3182,
-2.8958 -2.8949 2.1142,
-2.8447 -2.7625 2.2353,
-2.9419 -2.8733 2.0848,
-3.0021 -2.9213 1.9966,
-3.0824 -3.0125 1.8576,
-3.1343 -3.077 1.7598,
-3.199 -3.1389 1.6399,
-3.2329 -3.1711 1.5739,
-3.2897 -3.2368 1.4502,
-3.3262 -3.2721 1.3694,
-3.3669 -3.3161 1.271,
-3.3888 -3.338 1.216,
-3.4237 -3.3758 1.1209,
-3.4425 -3.3944 1.0677,
-3.4716 -3.426 0.9768,
-3.493 -3.4418 0.9111,
-3.5106 -3.4665 0.8397,
-3.5257 -3.4807 0.7797,
-3.546 -3.5018 0.6859,
-3.558 -3.5184 0.6073,
-2.6598 -2.6674 2.4341,
-2.7794 -2.7864 2.2755,
-2.836 -2.8426 2.196,
-2.0496 -2.2116 3.0032,
-2.2089 -2.3373 2.867,
-2.6379 -2.7281 2.3976,
-2.7596 -2.8422 2.2386,
-2.833 -2.9328 2.1133,
-2.9253 -2.9979 1.9995,
-3.0249 -3.0939 1.8377,
-3.1116 -3.1737 1.6899,
-3.1969 -3.2542 1.5286,
-3.2526 -3.3051 1.416,
-3.4997 -3.5415 0.7039,
-3.5167 -3.5595 0.6063,
-3.5281 -3.5711 0.5129,
-3.5338 -3.5761 0.4364,
0.9448 -3.5815 0.4601,
0.0116 -3.5807 0.4825,
-2.1576 -2.3527 2.8711,
-1.9491 -2.2917 2.9698,
-2.0153 -2.7518 2.5174,
-2.3147 -2.7268 2.4833,
-2.1557 -2.8271 2.3983,
1.7926 -3.5814 0.4601,
1.3176 -3.5804 0.4853,
-1.8452 -2.3751 2.9267,
-1.6878 -2.4637 2.8829,
-0.128 -2.649 2.8659,
-0.4257 -2.6691 2.8294,
-0.1363 -2.7367 2.7504,
-0.2215 -2.9201 2.4785,
-0.1741 -3.014 2.3212,
0.6668 -2.7532 2.7034,
0.8111 -2.8408 2.5696,
0.8125 -2.909 2.4674,
0.9288 -3.1009 2.1297,
0.9483 -3.1662 1.9981,
1.0045 -3.234 1.8478,
0.7922 -2.6729 2.7961,
0.9922 -2.9656 2.3618,
1.117 -3.0472 2.2137,
1.0157 -3.3004 1.6885,
1.1355 -2.616 2.8225,
1.1688 -2.5613 2.8777,
1.3791 -2.518 2.8892,
1.4527 -2.4907 2.9021,
1.5687 -2.3834 2.9781,
1.6793 -2.4771 2.8719,
1.8101 -2.4593 2.8614,
1.867 -2.3068 2.9767,
1.9446 -2.3772 2.902,
2.0963 -2.2908 2.9346,
2.1193 -2.4523 2.7974,
2.6152 -2.6515 2.4705,
2.5591 -2.6781 2.4739,
2.7303 -2.7598 2.3262,
2.3818 -2.4474 2.7254,
2.2511 -2.4183 2.7937,
2.3722 -2.5324 2.6635,
2.4945 -2.5947 2.5697,
2.8044 -2.8137 2.2392,
2.8596 -2.8688 2.1594,
2.8464 -2.7894 2.2206,
2.9284 -2.9078 2.0786,
3.0216 -2.9302 1.9697,
2.9867 -2.952 1.9969,
3.0717 -3.0265 1.8623,
3.1181 -3.0468 1.7962,
3.3667 -3.0807 1.3249,
3.4028 -3.311 1.2009,
1.9891 -2.1592 3.0542,
2.1536 -2.2468 2.9453,
2.4883 -2.5087 2.634,
2.6445 -2.6032 2.4824,
3.3408 -2.8235 1.4236,
3.3128 -3.0634 1.4488,
3.3625 -2.8543 1.3674,
2.3032 -2.2713 2.8632,
2.2284 -2.2498 2.9123,
2.4306 -2.4144 2.7197,
2.7239 -2.5965 2.4174,
2.7666 -2.7097 2.331,
2.851 -2.724 2.243,
2.4209 -2.3125 2.7715,
2.5205 -2.4625 2.639,
2.5481 -2.4081 2.6392,
2.6265 -2.4772 2.5479,
2.7728 -2.6268 2.3569,
3.2516 -2.6752 1.6383,
3.23 -2.7492 1.6694,
3.2845 -2.7514 1.5592,
2.9073 -2.615 2.2005,
2.9389 -2.806 2.1137,
2.9947 -2.8522 2.0287,
2.9937 -2.6316 2.0799,
3.0572 -2.8448 1.9424,
3.096 -2.8591 1.8797,
3.1246 -2.8111 1.8444,
3.1721 -2.6162 1.7993,
3.1785 -2.9012 1.7359,
3.2008 -2.6136 1.7468,
2.3133 -2.1541 2.9014,
2.3883 -2.2214 2.8255,
2.767 -2.4858 2.3985,
3.0277 -2.5863 2.0396,
3.1242 -2.4878 1.9047,
2.4663 -2.2758 2.7466,
2.659 -2.2932 2.5604,
2.7975 -2.3733 2.3893,
2.8644 -2.344 2.3136,
2.9309 -2.4754 2.199,
2.5215 -2.1934 2.7178,
2.3814 -2.0424 2.8761,
2.3074 -1.8644 2.9769,
2.3958 -1.7304 2.9343,
2.897 -2.0765 2.3221,
3.3996 -2.6791 1.2922,
3.4453 -2.6728 1.1605,
2.4764 -1.5271 2.9023,
2.5442 -1.1241 2.9025,
3.5752 -1.8148 0.5621,
3.5712 -2.3967 0.5952,
3.5788 -2.3085 0.5088,
3.2319 -1.077 1.8483,
3.1524 -1.2097 2.008,
3.2176 -1.3696 1.8587,
2.5999 -0.8796 2.8736,
2.6441 -0.0931 2.8727,
2.9437 -0.159 2.4412,
3.0177 -0.1236 2.3151,
2.8408 0.8111 2.5696,
3.0041 0.8656 2.3087,
3.0926 0.8389 2.1507,
2.6314 0.7126 2.8544,
3.1725 1.1527 1.9721,
3.2138 0.6462 1.9115,
2.7237 0.9057 2.7202,
2.7654 0.8084 2.6742,
2.9413 0.977 2.4026,
3.0896 1.1349 2.1352,
3.194 1.1125 1.9284,
3.2385 1.1351 1.8296,
3.2872 0.9606 1.7241,
2.5492 0.9187 2.9254,
2.4903 1.3288 2.9251,
2.4239 1.7651 2.9021,
2.4304 1.9558 2.855,
2.3547 2.0223 2.9021,
3.5348 3.5735 0.4602,
3.519 3.5816 0.4291,
1.6921 2.5595 2.7893,
1.4544 2.5657 2.8266,
1.1753 2.6067 2.8268,
0.7607 2.6486 2.8284,
-0.987 2.66 2.7902,
-1.224 2.6333 2.7899,
-1.3838 2.6018 2.7999,
-1.5815 2.5432 2.8269,
-1.8609 2.5475 2.7677,
-2.3214 2.3903 2.7883,
-2.5319 2.3819 2.6614,
-2.5752 2.517 2.5747,
-2.4624 2.1155 2.7898,
-2.5595 1.6921 2.7893,
-2.5657 1.4544 2.8266,
-2.6067 1.1753 2.8268,
-2.6486 0.7607 2.8284,
-2.5876 0.7265 2.904,
-3.5221 -3.4495 0.8187,
-2.651 -1.0989 2.7867,
-2.6064 -1.1767 2.8265,
-2.6109 -1.3484 2.796,
-2.5512 -1.5377 2.8266,
-2.5695 -1.6699 2.7838,
-3.199 -3.0957 1.659,
-1.9864 -2.4956 2.7897,
-2.103 -2.4227 2.8265,
-1.6377 -2.5325 2.8265,
-1.8312 -2.5313 2.7892,
-1.4752 -2.562 2.8264,
-1.3696 -2.6097 2.7937,
-1.2157 -2.6455 2.7769,
-1.0745 -2.641 2.8014,
-1.0617 -2.6968 2.7364,
-0.7562 -2.6195 2.8642,
3.1373 -3.4169 1.1903,
2.9755 -3.4168 1.2119,
3.2939 -3.4575 1.0575,
1.0264 -2.66 2.785,
1.3484 -2.6109 2.796,
1.7751 -2.5988 2.7333,
2.2757 -2.3605 2.8259,
2.5595 -1.6921 2.7893,
2.5657 -1.4544 2.8266,
2.6067 -1.1753 2.8268,
2.6792 -0.8514 2.7822,
2.7746 -0.9294 2.6511,
3.0073 -0.5439 2.322,
3.0789 -0.2405 2.2004,
3.2237 -0.0246 1.9023,
3.2359 0.3195 1.8699,
2.651 1.0989 2.7867,
2.6064 1.1767 2.8265,
2.619 1.3069 2.7933,
2.6327 1.5084 2.7457,
2.5713 1.5621 2.8018,
2.5988 1.7751 2.7333,
2.7559 2.2171 2.4713,
2.7727 2.0907 2.4778,
2.4999 1.7948 2.8265,
1.5143 2.6275 2.7501,
1.1506 2.6747 2.752,
0.8105 2.7351 2.7149,
-0.9315 2.755 2.6769,
-1.4908 2.6658 2.7114,
-1.747 2.6245 2.7118,
-2.057 2.5654 2.7079,
-2.7317 2.8124 2.2788,
-2.7785 2.8252 2.2449,
-2.3306 2.5115 2.6937,
-2.3214 2.4453 2.7496,
-2.8797 2.7423 2.2043,
-2.4606 2.2975 2.7459,
-2.6275 1.5143 2.7501,
-2.6747 1.1506 2.752,
-2.7351 0.8105 2.7149,
-2.6532 -1.5416 2.7169,
-2.5765 -1.9346 2.7232,
-2.5654 -2.057 2.7079,
-2.5115 -2.3306 2.6937,
-3.5106 -3.58 0.4706,
-2.1463 -2.5392 2.7128,
-1.73 -2.6101 2.7303,
-0.875 -2.7023 2.75,
-0.8096 -2.7392 2.7093,
1.5349 -2.6578 2.7127,
1.5532 -2.621 2.75,
2.0354 -2.5275 2.749,
2.6513 -2.7661 2.3564,
3.0507 -3.0304 1.8809,
2.6275 -1.5143 2.7501,
2.667 -1.2253 2.7503,
2.8318 -1.075 2.5565,
2.8725 -0.8608 2.5179,
2.9146 -1.0133 2.4411,
3.079 -0.9497 2.1686,
3.0093 -1.0786 2.2821,
3.064 -1.3455 2.1625,
2.5321 2.0133 2.7495,
2.5237 2.2056 2.713,
1.7901 2.6523 2.6727,
1.5727 2.6872 2.6727,
1.2742 2.7252 2.673,
1.0621 2.7758 2.6347,
-0.8028 2.7893 2.6427,
-1.2961 2.7923 2.5846,
-1.2978 2.7443 2.6457,
-1.5123 2.7698 2.5827,
-3.5801 3.1433 0.4781,
-3.5788 3.3043 0.495,
-1.9179 2.6647 2.6348,
-2.4505 2.5348 2.6337,
-2.4683 2.5019 2.6483,
-2.5884 2.4409 2.5934,
-2.6591 2.5763 2.4829,
-2.6818 1.8202 2.6348,
-2.6872 1.5727 2.6727,
-2.7252 1.2742 2.673,
-2.7758 1.0621 2.6347,
-2.8145 -0.3419 2.6361,
-3.5477 -3.4725 0.7059,
-2.7564 -1.1081 2.655,
-2.7809 -1.2988 2.5995,
-2.7042 -1.4469 2.6728,
-2.6642 -1.8784 2.6432,
-3.2412 -3.1429 1.5728,
-2.2993 -2.5821 2.6357,
-2.0364 -2.6421 2.6349,
-1.6675 -2.7043 2.6369,
-1.8689 -2.6734 2.6347,
-1.4711 -2.7009 2.6728,
-1.4223 -2.7388 2.6347,
-1.2455 -2.7281 2.6728,
-1.0429 -2.7999 2.6047,
1.1081 -2.7564 2.655,
1.2988 -2.7809 2.5995,
1.4469 -2.7042 2.6728,
1.7285 -2.6627 2.6728,
1.9179 -2.6647 2.6348,
2.1581 -2.6171 2.6344,
2.458 -2.6239 2.5555,
2.3472 -2.6904 2.5149,
2.6202 -2.8161 2.3107,
2.3981 -2.86 2.308,
2.7871 -2.9217 2.141,
2.426 -2.9241 2.2194,
2.5796 -2.9893 2.0976,
2.8934 -3.0046 2.0045,
2.9286 -3.0626 1.9146,
2.763 -3.0954 1.9013,
3.0315 -3.1366 1.7767,
3.0406 -3.1877 1.6919,
2.5765 -2.1628 2.6728,
2.6818 -1.8202 2.6348,
2.6872 -1.5727 2.6727,
2.7252 -1.2742 2.673,
2.7843 1.2762 2.5975,
2.7221 1.3001 2.6728,
2.7042 1.4469 2.6728,
2.6642 1.8784 2.6432,
2.8582 2.1585 2.358,
2.6234 2.1699 2.6253,
1.6297 2.7448 2.5947,
1.322 2.7812 2.595,
0.8589 2.8182 2.5968,
-1.5483 2.755 2.5949,
-1.7195 2.7539 2.5686,
-1.824 2.7506 2.5546,
-2.128 2.661 2.5948,
-2.2799 2.6707 2.5514,
-2.4433 2.5972 2.5848,
-2.592 2.5875 2.5263,
-3.1182 2.8199 1.853,
-2.6182 2.3204 2.5948,
-2.6487 2.187 2.5948,
-2.7448 1.6297 2.5947,
-2.7812 1.322 2.595,
-2.8182 0.8589 2.5968,
-2.8419 -0.7938 2.5695,
-2.7861 -1.5528 2.5556,
-2.7833 -1.8444 2.5112,
-2.7371 -1.8399 2.5674,
-2.712 -2.1363 2.5388,
-2.6593 -2.3088 2.5562,
-2.2112 -2.6675 2.57,
-1.3748 -2.8014 2.5611,
-1.1606 -2.7965 2.5948,
-0.881 -2.8434 2.5591,
1.3239 -3.1507 2.0014,
1.3595 -3.246 1.7968,
1.5528 -2.7861 2.5556,
1.7946 -2.7526 2.5574,
2.7448 -1.6297 2.5947,
2.7812 -1.322 2.595,
3.2982 1.4798 1.6642,
2.8265 1.1342 2.5573,
2.7861 1.5528 2.5556,
2.7833 1.8444 2.5112,
2.7371 1.8399 2.5674,
2.5153 2.6474 2.5159,
1.9417 2.7958 2.4778,
1.6852 2.8004 2.5162,
1.2877 2.842 2.518,
0.8902 2.8705 2.5184,
-1.1809 2.8723 2.487,
-2.1057 2.7538 2.4971,
-2.5414 2.6753 2.4822,
-2.6561 2.5032 2.5117,
-2.7235 2.3539 2.4778,
-2.7958 1.9417 2.4778,
-2.8004 1.6852 2.5162,
-2.842 1.2877 2.518,
-2.8705 0.8902 2.5184,
-2.9157 -0.243 2.4851,
-2.9362 -0.5577 2.4407,
-2.8436 -1.1179 2.5356,
-3.4967 -3.4162 0.9159,
-3.524 -3.2107 0.836,
-3.5327 -3.269 0.7937,
-3.5368 -3.4481 0.7589,
-3.5499 -3.4845 0.6876,
-2.7074 -2.2582 2.5164,
-2.6861 -2.5295 2.4747,
-2.5358 -2.7049 2.454,
-1.6773 -2.8293 2.48,
-1.9658 -2.8287 2.4323,
-1.2321 -2.8473 2.5164,
1.1342 -2.8265 2.5573,
1.3641 -2.9017 2.4227,
2.1046 -2.7744 2.473,
2.0133 -2.8239 2.4302,
2.3734 -2.7394 2.4558,
2.7958 -1.9417 2.4778,
2.8004 -1.6852 2.5162,
2.8351 -1.3685 2.5165,
3.1819 -0.3556 1.9905,
3.2765 0.096 1.775,
3.2955 0.4046 1.7221,
3.3331 0.7082 1.6151,
3.3311 1.4763 1.5815,
3.3693 1.25 1.4907,
3.5776 3.1545 0.5131,
3.581 3.2575 0.4598,
2.9017 1.3641 2.4227,
3.42 3.1365 1.1827,
3.413 3.0231 1.2169,
3.4452 3.1248 1.1138,
2.7463 2.3591 2.4515,
2.6096 2.7449 2.3923,
1.7393 2.8538 2.4371,
1.4367 2.9118 2.3986,
1.1578 2.907 2.4374,
0.9359 2.9443 2.4013,
-0.9557 2.929 2.4241,
-3.5439 3.5666 0.4835,
-1.5279 2.9048 2.3971,
-1.6777 2.8602 2.4375,
-1.8836 2.8648 2.3989,
-2.0272 2.8152 2.4374,
-2.1915 2.8261 2.3931,
-2.3658 2.7568 2.4375,
-2.5079 2.7782 2.3812,
-2.9389 2.806 2.1137,
-2.8538 1.7393 2.4371,
-2.9118 1.4367 2.3986,
-2.907 1.1578 2.4374,
-2.9443 0.9359 2.4013,
-2.9391 -1.012 2.4029,
-2.9122 -1.3775 2.4056,
-2.8956 -1.634 2.395,
-2.8513 -1.7566 2.4375,
-2.8124 -2.2031 2.4073,
-2.7614 -2.5091 2.3994,
-1.8921 -2.8638 2.3986,
-1.4935 -2.8794 2.4374,
-1.3362 -2.9264 2.389,
-1.0652 -2.9298 2.4124,
-0.7971 -2.9678 2.3744,
1.708 -2.8853 2.399,
1.859 -2.8965 2.3597,
2.9817 -3.0041 1.9597,
2.9359 -2.9841 2.0086,
3.0488 -3.0627 1.8565,
3.5807 -2.6902 0.4713,
3.5823 -2.9365 0.4262,
2.8538 -1.7393 2.4371,
2.9118 -1.4367 2.3986,
3.1759 -0.7381 1.9893,
2.9021 1.7635 2.3668,
2.8513 1.7566 2.4375,
2.6451 2.7667 2.3576,
2.6169 2.8692 2.2475,
1.7919 2.9052 2.3577,
1.1945 2.9558 2.3582,
-0.845 3.0205 2.2817,
-1.2275 2.9785 2.3191,
-1.7999 2.9368 2.311,
-2.6368 2.769 2.3579,
-2.8218 2.3812 2.3581,
-2.9052 1.7919 2.3577,
-2.9792 1.2132 2.3191,
-3.0366 -0.0583 2.2829,
-2.99 -0.3315 2.3588,
-3.0009 -0.6402 2.3288,
-2.92 -1.9585 2.3103,
-2.8784 -2.0112 2.3582,
-2.8616 -2.1337 2.3581,
-2.8322 -2.629 2.2899,
-2.769 -2.6368 2.3579,
-2.6269 -2.7762 2.3533,
-2.4878 -2.8317 2.3231,
-1.7957 -2.9259 2.3276,
-0.5639 -3.0026 2.3284,
1.3511 -2.9715 2.3171,
2.1337 -2.8616 2.3581,
2.7 -2.6673 2.4062,
2.9052 -1.7919 2.3577,
2.963 -1.0463 2.3618,
3.0961 -0.5174 2.16,
2.9469 1.3191 2.359,
2.8784 2.0112 2.3582,
3.4668 3.5334 0.7692,
3.0133 3.1569 1.7494,
3.1351 3.2591 1.542,
3.1635 3.2837 1.4886,
3.3022 3.3999 1.2084,
3.3312 3.4466 1.0823,
3.3917 3.4948 0.9265,
3.414 3.5023 0.8966,
3.4348 3.5269 0.8028,
3.4702 3.5532 0.6782,
3.4843 3.5627 0.6232,
3.4915 3.5706 0.5678,
3.4915 3.5751 0.5312,
3.5027 3.5808 0.4588,
2.7069 3.1663 1.7939,
2.5986 3.1888 1.771,
2.4436 3.2081 1.7589,
1.7093 3.558 0.714,
1.0143 3.575 0.5689,
1.2652 3.5805 0.4853,
2.0847 2.927 2.2786,
2.062 2.9851 2.1981,
2.1135 3.0314 2.1182,
2.1634 3.0758 2.0384,
2.2118 3.1181 1.9587,
2.2638 3.1697 1.8581,
2.5692 3.1306 1.8795,
1.8431 2.9546 2.2781,
2.1357 3.2232 1.7697,
2.1707 3.2588 1.6906,
2.3851 3.2802 1.6179,
2.6684 3.2458 1.6518,
1.7436 3.0391 2.1592,
1.8312 3.1242 1.9996,
1.8948 3.1827 1.88,
1.8528 3.2271 1.7946,
2.0224 3.3024 1.6073,
2.0528 3.3332 1.5292,
2.4081 3.3182 1.5287,
2.2688 3.3525 1.4594,
1.4152 2.9904 2.2797,
1.7725 3.266 1.7159,
1.7236 3.3038 1.6319,
1.8856 3.3695 1.4478,
1.9117 3.3959 1.3712,
2.2883 3.3852 1.3708,
2.3476 3.4112 1.2926,
1.3615 3.0418 2.199,
1.398 3.0848 2.1192,
1.4527 3.1455 2.0002,
1.5085 3.2128 1.8576,
1.4158 3.337 1.5701,
1.4876 3.3686 1.4794,
1.7234 3.4256 1.2924,
1.7464 3.4477 1.2178,
2.1485 3.4403 1.2175,
2.1903 3.4614 1.1445,
1.2241 3.2529 1.7904,
1.2885 3.2918 1.6935,
1.3827 3.3979 1.3982,
1.3983 3.4216 1.3232,
1.4603 3.472 1.1432,
1.477 3.4899 1.0719,
1.9856 3.4849 1.0694,
2.0118 3.5014 1.0017,
0.9798 3.0148 2.2806,
1.0083 3.0588 2.2009,
1.2252 3.365 1.5029,
1.2975 3.4465 1.2431,
1.311 3.4603 1.1928,
0.7668 3.5066 1.0206,
1.7929 3.5151 0.9502,
1.5141 3.5327 0.872,
1.7614 3.5249 0.9043,
0.4392 3.3965 1.4372,
0.5025 3.4153 1.3753,
0.5008 3.4946 1.0771,
0.5123 3.52 0.9574,
1.7576 3.542 0.8141,
1.7234 3.5493 0.771,
-0.4363 3.1538 2.0476,
-0.6806 3.4352 1.3042,
-0.6894 3.4568 1.226,
-0.9998 3.1191 2.0889,
-1.0184 3.1782 1.9689,
-1.1106 3.2309 1.8496,
-1.3602 3.5735 0.5846,
-1.237 3.0473 2.2021,
-3.5168 3.5695 0.5512,
-3.5045 3.5745 0.5344,
-3.5309 3.5752 0.4602,
-3.4491 3.5253 0.8074,
-3.3903 3.537 0.7645,
-3.4772 3.5533 0.6781,
-3.4978 3.5642 0.6098,
-3.5322 3.5614 0.561,
-1.5787 3.0023 2.2405,
-1.3874 3.106 2.0819,
-1.7331 3.0633 2.1194,
-1.8837 3.1199 2.0008,
-1.474 3.1636 1.9625,
-1.6725 3.2047 1.8595,
-2.0446 3.1735 1.8797,
-2.1698 3.207 1.7983,
-1.8142 3.2392 1.7718,
-1.9477 3.27 1.6901,
-2.3046 3.2395 1.7148,
-2.4333 3.27 1.6339,
-2.0856 3.2997 1.6074,
-2.2179 3.3275 1.5272,
-2.5638 3.2998 1.5516,
-2.6864 3.3276 1.4724,
-2.3537 3.3544 1.446,
-2.482 3.3794 1.3678,
-2.8092 3.3548 1.3921,
-2.9231 3.3801 1.3148,
-2.6121 3.4035 1.2889,
-2.7336 3.4258 1.2133,
-3.0299 3.3831 1.2942,
-3.1365 3.4274 1.1625,
-2.8538 3.4471 1.1374,
-2.9656 3.4668 1.0646,
-3.2332 3.4492 1.0879,
-3.3816 3.4738 0.9948,
-3.0722 3.4852 0.9926,
-3.1717 3.5023 0.9229,
-3.4126 3.485 0.9539,
-3.4388 3.519 0.8351,
-3.4865 3.5397 0.7276,
-3.5151 3.5506 0.6456,
-3.4626 3.5168 0.8257,
-3.5374 3.5468 0.6056,
-3.5577 3.5409 0.5508,
-3.4332 3.489 0.9283,
-3.4966 3.5199 0.7735,
-3.5185 3.5281 0.7091,
-3.574 3.531 0.4774,
-3.5808 3.5203 0.4403,
-1.931 3.0224 2.1602,
-2.0313 3.0329 2.1297,
-2.2733 2.9592 2.2,
-3.5808 3.4169 0.4602,
-3.5795 3.4932 0.481,
-2.3904 2.9053 2.2515,
-2.6126 3.0028 2.0717,
-2.9689 3.1046 1.8419,
-2.7789 3.0776 1.926,
-2.7901 3.1542 1.7993,
-3.0524 3.169 1.7203,
-3.0126 3.2095 1.6593,
-3.099 3.1915 1.6697,
-3.1318 3.2489 1.5625,
-3.1613 3.2435 1.5632,
-2.7193 2.8792 2.2111,
-2.7027 2.8305 2.272,
-3.0553 3.1152 1.7953,
-3.12 3.1707 1.6883,
-3.0708 3.0944 1.8096,
-3.144 3.139 1.7047,
-3.1896 3.2018 1.6008,
-3.2476 3.2373 1.5063,
-3.3008 3.2864 1.3951,
-3.2523 3.211 1.5222,
-3.3464 3.3001 1.318,
-3.3479 3.2646 1.3351,
-3.4035 3.3344 1.1902,
-3.574 2.9463 0.5566,
-2.8159 2.8966 2.1587,
-2.814 2.9426 2.1071,
-2.8745 2.9879 2.0317,
-2.9439 2.9885 1.9995,
-2.9444 3.0429 1.9373,
-3.0097 3.0855 1.8554,
-3.0842 3.087 1.8048,
-3.1706 3.1189 1.69,
-3.2605 3.178 1.5282,
-3.3053 3.2298 1.4279,
-3.3694 3.2575 1.2891,
-3.3905 3.2063 1.2478,
-3.4207 3.337 1.151,
-3.4397 3.3511 1.0986,
-3.4756 3.3866 0.9884,
-3.4373 3.0295 1.1483,
-3.4824 3.2289 0.9873,
-3.5657 2.8106 0.6306,
-3.5649 2.9556 0.6349,
-3.5741 2.9379 0.5587,
-2.8505 2.8761 2.1594,
-2.9132 2.922 2.0796,
-3.21 3.1182 1.6337,
-3.2848 3.1609 1.4882,
-3.3036 3.1779 1.4465,
-3.558 2.492 0.6948,
-3.5735 2.3427 0.5736,
-3.5787 2.4585 0.5073,
-3.1239 3.0185 1.7994,
-3.1601 3.0356 1.7387,
-3.2197 3.0747 1.6273,
-3.3133 2.9225 1.4715,
-3.3444 2.9718 1.3938,
-3.3829 2.8336 1.3194,
-3.4001 2.896 1.2664,
-3.4403 2.7215 1.1712,
-3.4568 2.6056 1.1296,
-3.497 3.1987 0.9405,
-3.4792 2.7312 1.043,
-3.5102 3.1626 0.895,
-3.5222 3.1246 0.8501,
-3.4945 2.5545 0.9994,
-3.533 3.0853 0.8059,
-3.5039 2.415 0.9706,
-3.5426 3.0456 0.7624,
-3.5224 2.4373 0.8887,
-3.5511 3.0077 0.7194,
-3.5313 2.277 0.854,
-3.5585 2.9753 0.677,
-3.5432 2.4003 0.7864,
-3.5628 2.2648 0.6661,
-3.5759 2.0851 0.5487,
-3.5807 2.246 0.475,
-3.5657 2.1101 0.6469,
-3.5774 1.8968 0.5315,
-3.0077 2.875 2.0053,
-3.0638 2.8661 1.9268,
-3.1798 2.8471 1.7436,
-3.336 2.6506 1.4575,
-3.361 2.6645 1.3947,
-3.4012 2.5361 1.3028,
-3.4223 2.5485 1.2409,
-3.4718 2.41 1.0925,
-3.5107 2.2522 0.95,
-3.5402 2.0718 0.8144,
-3.5478 2.0402 0.7714,
-3.5567 1.8878 0.7193,
-3.5663 1.8321 0.6468,
-3.5699 1.625 0.6184,
-3.0891 2.2665 2.0001,
-3.3166 2.4427 1.5285,
-2.9546 1.8431 2.2781,
-3.0472 1.9413 2.1185,
-3.1115 2.0124 1.9991,
-3.1712 2.0809 1.8796,
-3.1978 2.1067 1.8245,
-3.2596 2.1796 1.6878,
-3.3562 2.2955 1.447,
-3.384 2.3249 1.3708,
-3.0003 1.6078 2.2402,
-3.2512 1.8797 1.7396,
-3.3131 2.0369 1.5803,
-3.3581 2.0058 1.4697,
-3.4162 2.1605 1.2918,
-3.4395 2.186 1.2177,
-3.0947 1.6056 2.0796,
-3.1602 1.5707 1.9601,
-3.204 1.7083 1.8572,
-3.3038 1.7236 1.6319,
-3.3876 1.9064 1.3954,
-3.4164 1.8548 1.3141,
-3.4653 2.0031 1.1414,
-3.4843 2.0256 1.0696,
-3.0418 1.3615 2.199,
-3.254 1.373 1.7779,
-3.3401 1.4531 1.5594,
-3.3594 1.4721 1.5057,
-3.4407 1.7411 1.2415,
-3.4642 1.6059 1.167,
-3.5044 1.8222 0.9968,
-3.5195 1.8431 0.928,
-3.1103 1.3168 2.0799,
-3.2812 1.279 1.7199,
-3.3028 1.2972 1.6654,
-3.3806 1.3663 1.4508,
-3.4061 1.3924 1.3728,
-3.4844 1.4749 1.0941,
-3.5012 1.4931 1.0238,
-3.5348 1.5459 0.8595,
-3.5462 1.5732 0.7939,
-3.0148 0.9798 2.2806,
-3.2392 1.1283 1.8278,
-3.3266 1.1942 1.6099,
-3.4318 1.2835 1.294,
-3.4534 1.3076 1.2184,
-3.5565 1.4361 0.7291,
-3.5644 1.4496 0.6697,
-3.3832 0.6452 1.473,
-3.1756 -0.2224 2.0073,
-3.2197 -0.1198 1.9102,
-3.2735 -0.1937 1.7821,
-3.3567 -0.1061 1.5592,
-3.3925 -0.108 1.4525,
-3.5746 -0.2012 0.5794,
-3.1104 -0.6007 2.1295,
-3.1667 -1.1758 1.9821,
-3.2002 -0.9544 1.926,
-3.4652 -0.6327 1.1948,
-3.0744 -0.9858 2.1746,
-3.2298 -1.3142 1.8366,
-3.5709 -3.4898 0.5658,
-3.5718 -3.4781 0.5615,
-3.5775 -3.5043 0.5051,
-3.0077 -1.0844 2.2841,
-3.0687 -1.262 2.162,
-3.0575 -1.4822 2.1601,
-3.0965 -1.5831 2.0797,
-3.1598 -1.5678 1.9601,
-3.2034 -1.7022 1.8587,
-3.2442 -1.5631 1.7854,
-3.5441 -3.1734 0.7458,
-3.5545 -3.2551 0.685,
-3.5608 -3.3096 0.6448,
-2.98 -1.4059 2.2975,
-3.1011 -1.8179 2.0437,
-3.1352 -1.906 1.9706,
-3.1657 -1.997 1.9016,
-3.1937 -2.0893 1.8354,
-3.2666 -1.6674 1.7255,
-3.2195 -2.1996 1.7698,
-3.2873 -1.7623 1.6688,
-3.2557 -2.4808 1.6592,
-3.3073 -1.8583 1.6122,
-3.2766 -2.5715 1.6028,
-3.3267 -1.9552 1.5557,
-3.2968 -2.6601 1.547,
-3.3454 -2.0527 1.4995,
-3.3163 -2.7464 1.4917,
-3.3634 -2.1506 1.4435,
-3.3388 -2.6277 1.4536,
-3.3806 -2.2479 1.3881,
-3.3974 -2.3455 1.3328,
-3.3668 -2.7662 1.3681,
-3.4131 -2.4405 1.2791,
-3.3898 -2.8663 1.2973,
-3.4282 -2.5342 1.2259,
-3.4426 -2.6255 1.1738,
-3.4149 -2.9925 1.215,
-3.4562 -2.7138 1.1227,
-3.4297 -3.1351 1.1567,
-3.4692 -2.7988 1.0729,
-3.444 -3.1292 1.1163,
-3.4814 -2.8799 1.0243,
-3.4632 -3.2113 1.0495,
-3.4929 -2.957 0.977,
-3.5037 -3.0302 0.9309,
-3.4869 -3.406 0.9502,
-3.5138 -3.0993 0.8859,
-2.9837 -1.7615 2.2457,
-3.185 -2.4419 1.8037,
-3.3071 -2.8266 1.4987,
-3.335 -2.9404 1.4198,
-3.3621 -3.0502 1.3404,
-3.3874 -3.1519 1.264,
-3.4371 -3.3474 1.1053,
-3.4533 -3.3749 1.0546,
-3.0224 -1.931 2.1602,
-3.409 -3.3331 1.1777,
-3.0267 -2.1406 2.1217,
-3.3532 -3.2652 1.3235,
-2.9896 -2.247 2.16,
-2.9147 -2.3834 2.2407,
-3.3032 -3.2053 1.4427,
-2.9607 -2.51 2.1522,
-3.0846 -2.9811 1.8676,
-2.8975 -2.7502 2.1806,
-2.9426 -2.814 2.1071,
-2.9894 -2.8538 2.0351,
-3.0335 -2.9139 1.959,
-2.7165 -2.8531 2.2424,
-2.8898 -3.0145 1.9923,
-2.9955 -3.1108 1.8261,
-3.0704 -3.1865 1.6867,
-3.1234 -3.2259 1.6055,
-3.2064 -3.3033 1.4412,
-3.2449 -3.336 1.3646,
-3.2786 -3.3658 1.2919,
-3.3102 -3.3965 1.2149,
-3.3593 -3.4416 1.0907,
-3.4031 -3.4828 0.9632,
-3.4234 -3.5009 0.9005,
-3.4622 -3.5359 0.7626,
-3.4651 -3.5392 0.7459,
-3.4783 -3.5511 0.6873,
-3.4914 -3.5638 0.6151,
-3.4984 -3.5703 0.5683,
-3.5051 -3.5767 0.5131,
-3.5122 -3.5821 0.4228,
-2.7006 -2.8915 2.1995,
-2.6862 -2.9328 2.1506,
-2.5091 -2.9204 2.2067,
-2.2469 -2.9281 2.2486,
-2.5861 -3.0276 2.0407,
-2.2489 -2.9836 2.169,
-2.3279 -3.0333 2.0795,
-2.433 -3.0905 1.9706,
-0.7139 -3.5731 0.5934,
-0.847 -3.578 0.5314,
0.228 -3.5755 0.5684,
-0.8691 -3.5804 0.4892,
-2.1416 -3.1206 1.965,
-2.4956 -3.1457 1.866,
-2.4674 -3.1945 1.7816,
-1.9942 -3.1646 1.9035,
-2.2789 -3.2243 1.7498,
-0.2478 -3.5523 0.7723,
-0.796 -3.5475 0.8009,
-1.199 -3.566 0.6631,
-1.0343 -3.567 0.6529,
0.2783 -3.5635 0.6881,
0.0203 -3.568 0.6473,
1.0614 -3.5769 0.5452,
-1.9705 -3.0163 2.1641,
1.2071 -3.5699 0.6245,
-1.7686 -3.0613 2.1186,
-1.8645 -3.0994 2.0393,
-1.7005 -3.1706 1.9255,
-1.6673 -3.2058 1.8572,
-2.2447 -3.2525 1.6955,
-1.5288 -3.2376 1.8021,
-2.2075 -3.2793 1.6414,
-1.5656 -3.2734 1.7172,
-2.1672 -3.3046 1.5877,
-2.1241 -3.3286 1.5343,
-1.2916 -3.3087 1.6517,
-2.0787 -3.3512 1.4813,
-1.3788 -3.3426 1.5571,
-2.0309 -3.3724 1.4287,
-1.9805 -3.3924 1.3766,
-1.2359 -3.3737 1.478,
-1.9273 -3.4111 1.325,
-1.0829 -3.4014 1.4024,
-1.871 -3.4287 1.2738,
-1.8119 -3.4452 1.2232,
-0.9168 -3.4275 1.3235,
-1.7495 -3.4605 1.1732,
-0.7238 -3.4504 1.2493,
-1.6763 -3.4747 1.1242,
-1.5811 -3.488 1.0761,
-0.4735 -3.4712 1.1744,
-1.466 -3.5003 1.0288,
-0.2283 -3.49 1.0998,
-1.3386 -3.5118 0.9816,
-1.2102 -3.5222 0.935,
0.0499 -3.5064 1.0264,
-1.0778 -3.5316 0.8892,
0.2334 -3.5164 0.9782,
-0.9414 -3.54 0.8446,
0.4224 -3.5255 0.9305,
0.6989 -3.5376 0.8614,
1.3393 -3.5445 0.8121,
1.1842 -3.5545 0.7486,
1.4719 -3.5595 0.708,
2.1955 -3.5682 0.6273,
1.8528 -3.5733 0.5818,
1.9643 -3.5786 0.5139,
-1.6241 -2.9929 2.25,
-1.6205 -3.1155 2.0394,
2.2841 -3.5801 0.4859,
2.1724 -3.5813 0.4602,
-1.3666 -2.9435 2.3583,
-1.2683 -3.0231 2.2411,
2.6419 -3.5823 0.4264,
-0.8372 -3.0632 2.2059,
-1.0269 -3.1147 2.0952,
-0.4058 -3.1321 2.0934,
-0.4528 -3.05 2.2487,
-0.3332 -3.0943 2.1689,
-0.0424 -3.0803 2.1995,
0.24 -3.2401 1.8609,
3.1729 -3.5758 0.5315,
3.085 -3.5743 0.5502,
1.5149 -3.0304 2.2024,
1.4771 -3.2029 1.8807,
1.5892 -3.2725 1.7179,
1.1825 -3.3325 1.5959,
2.859 -3.4049 1.2588,
2.6583 -3.4447 1.1638,
1.7261 -2.9653 2.2787,
2.0158 -3.2036 1.8248,
2.0819 -3.239 1.7436,
2.4419 -3.185 1.8037,
2.54 -3.2367 1.6883,
2.2208 -3.2704 1.6594,
2.3513 -3.2996 1.5789,
2.6663 -3.2678 1.6061,
2.8923 -3.2874 1.5314,
2.5718 -3.3283 1.4863,
2.6127 -3.3546 1.4173,
2.9497 -3.3209 1.4501,
3.0266 -3.3509 1.3704,
2.7438 -3.381 1.3352,
3.0916 -3.3799 1.2913,
3.2998 -3.4021 1.2043,
1.931 -3.0224 2.1602,
2.1545 -2.9664 2.2109,
2.1406 -3.0267 2.1217,
2.6527 -3.1686 1.799,
2.8933 -3.2037 1.6925,
2.5477 -3.0765 1.9738,
2.717 -2.8201 2.2776,
2.7834 -2.8735 2.1967,
2.8545 -2.9185 2.118,
2.9963 -3.0726 1.8777,
3.096 -3.1384 1.7437,
3.1346 -3.1181 1.732,
3.1775 -3.1781 1.6364,
3.2405 -3.2225 1.5279,
3.2267 -3.1741 1.5816,
3.3242 -3.2766 1.3703,
3.3096 -3.2273 1.4224,
3.3746 -3.2949 1.269,
3.3601 -3.2278 1.3164,
3.58 -2.9231 0.4845,
3.1589 -3.0671 1.7318,
3.1813 -3.0899 1.6887,
3.2188 -3.1153 1.6203,
3.2503 -3.1393 1.5585,
3.2808 -3.1562 1.4971,
3.2925 -3.1617 1.4719,
3.4276 -3.3354 1.1326,
3.4716 -3.2602 1.0178,
3.4644 -2.9567 1.0728,
3.4901 -3.1463 0.9689,
3.5141 -3.1729 0.8783,
3.4895 -2.8408 0.9976,
3.5071 -2.836 0.9308,
3.5275 -3.028 0.8329,
3.5453 -3.0632 0.7463,
3.5259 -2.7096 0.8589,
3.5391 -2.6902 0.7958,
3.5543 -2.8848 0.7042,
3.5664 -2.9554 0.6216,
3.5524 -2.5676 0.7275,
3.5615 -2.5269 0.6691,
3.5718 -2.7551 0.5828,
3.5769 -2.8265 0.5276,
3.5754 -2.3562 0.5512,
3.5813 -2.1733 0.4602,
2.9245 -2.8386 2.1189,
3.0941 -2.9787 1.8551,
3.3208 -2.7609 1.4781,
2.9851 -2.062 2.1981,
3.0314 -2.1135 2.1182,
3.0758 -2.1634 2.0384,
3.1363 -2.2307 1.9241,
3.1856 -2.2898 1.824,
3.2244 -2.3371 1.7417,
3.2609 -2.38 1.6602,
3.2955 -2.4243 1.5791,
3.3279 -2.4631 1.4993,
3.3585 -2.5049 1.4198,
3.4008 -2.4927 1.3092,
3.4289 -2.439 1.2321,
3.4735 -2.6553 1.069,
2.9546 -1.8431 2.2781,
3.4484 -2.2406 1.1855,
3.4963 -2.4879 0.9962,
3.5128 -2.5091 0.9278,
3.0391 -1.7436 2.1592,
3.1242 -1.8312 1.9996,
3.1827 -1.8948 1.88,
3.2211 -1.9327 1.7977,
3.2573 -1.9714 1.7156,
3.2915 -2.0117 1.6342,
3.3406 -1.9964 1.5167,
3.3537 -2.0853 1.4737,
3.3946 -2.0424 1.366,
3.3996 -2.1395 1.3427,
3.4716 -2.1637 1.1103,
3.475 -2.2402 1.0922,
3.4958 -2.198 1.0158,
3.5298 -2.326 0.8586,
3.5423 -2.3454 0.7935,
2.9844 -1.5014 2.2786,
3.4339 -1.8608 1.2583,
3.5135 -2.0044 0.9492,
3.5322 -2.0847 0.8578,
3.5575 -2.0305 0.7104,
3.563 -2.1663 0.6674,
3.0795 -1.4872 2.1192,
3.1208 -1.5244 2.0395,
3.1901 -1.5843 1.8983,
3.2781 -1.5547 1.7084,
3.2963 -1.5602 1.6634,
3.3392 -1.6253 1.5501,
3.346 -1.676 1.5278,
3.3922 -1.7178 1.3964,
3.4639 -1.8287 1.158,
3.4745 -1.822 1.1177,
3.4919 -1.9118 1.0449,
3.5454 -1.9643 0.7885,
3.5705 -1.9739 0.6072,
3.2411 -1.4183 1.8028,
3.3868 -1.5233 1.4235,
3.4207 -1.5658 1.3173,
3.5009 -1.6668 1.0184,
3.5221 -1.4911 0.9278,
3.5651 -1.5346 0.6637,
3.5793 -1.8503 0.503,
3.5818 -2.0809 0.4483,
3.112 -0.7148 2.1194,
3.285 -0.6264 1.7435,
3.2866 -1.0659 1.7195,
3.0157 1.421 2.2376,
3.2361 1.5551 1.8025,
3.3927 2.8037 1.2977,
3.4458 2.6537 1.1607,
2.9653 1.7261 2.2787,
3.0477 1.5857 2.1652,
3.0737 1.8924 2.0806,
3.1146 1.6265 2.0413,
3.1458 1.8224 1.9608,
3.2036 2.0158 1.8248,
3.239 2.0819 1.7436,
3.2046 2.4133 1.7697,
3.2367 2.54 1.6883,
3.2813 2.1798 1.6408,
3.2996 2.3513 1.5789,
3.2678 2.6663 1.6061,
3.3092 2.4996 1.5401,
3.3577 2.9866 1.3604,
3.348 2.642 1.4307,
3.3829 3.1473 1.2758,
3.2951 2.9655 1.5028,
3.0224 1.931 2.1602,
2.9664 2.1545 2.2109,
3.0267 2.1406 2.1217,
2.9066 2.2394 2.2786,
2.9711 2.3941 2.1599,
3.2289 2.8763 1.6494,
3.2595 2.91 1.5841,
3.2728 3.1746 1.5076,
3.3419 3.0861 1.3812,
3.3935 3.1942 1.2419,
3.4295 3.2368 1.1421,
3.4633 3.0983 1.0622,
3.4695 3.3905 1.0057,
3.4914 3.4064 0.9349,
3.484 3.1215 0.9922,
3.4969 3.2087 0.939,
3.5808 3.4306 0.4602,
-2.3502 3.0304 2.0802,
-1.3251 -3.0876 2.1221,
-1.2353 -3.093 2.1192,
1.5894 -3.2349 1.8021,
1.8034 -3.3134 1.6015,
1.6464 -3.0689 2.1209,
3.2269 -0.6272 1.8809,
3.3405 -0.8116 1.5912,
2.7658 3.0321 1.9963,
2.8132 3.1188 1.8536,
-2.4242 3.0945 1.9655,
-3.2589 -0.775 1.8022,
-3.2853 -0.6465 1.7413,
-3.3471 -0.8504 1.5726,
-3.3714 -0.7469 1.5054,
-3.4186 -0.8749 1.3544,
-3.1002 -2.1367 2.0007,
-3.0698 -2.4521 2.0004,
-3.0411 -2.6899 1.9998,
-2.7532 -3.0036 2.0393,
-1.0602 -3.1551 2.0137,
1.7189 -3.1089 2.0414,
2.7518 -3.4488 1.1415,
3.1314 -3.4631 1.0593,
2.1367 -3.1002 2.0007,
2.4521 -3.0698 2.0004,
3.1402 -3.2345 1.5861,
3.4092 2.5467 1.2792,
3.1002 2.1367 2.0007,
3.0812 2.4604 1.9809,
-2.2301 3.1343 1.9271,
-3.3218 -1.2278 1.6209,
-3.3658 -1.4722 1.4875,
-3.4133 -1.7473 1.3302,
-3.443 -1.9582 1.2212,
-3.4731 -2.0724 1.1105,
-3.4804 -2.2242 1.0731,
-3.5064 -2.3628 0.9641,
-3.5123 -2.4793 0.9316,
-3.5339 -2.6431 0.8259,
-3.5424 -2.7683 0.7757,
-3.5596 -3.0125 0.6668,
-3.5712 -3.0545 0.5796,
-3.5755 -3.1582 0.5368,
-3.1401 -2.3528 1.8991,
-3.0873 -2.8525 1.8954,
-2.8044 -3.0741 1.9251,
-1.346 -3.1871 1.9256,
-0.2708 -3.2224 1.9026,
-0.6319 -3.2197 1.8987,
1.4469 -3.3685 1.4813,
1.8224 -3.1458 1.9608,
2.3528 -3.1401 1.8991,
3.1793 1.5083 1.927,
3.2655 1.7207 1.7218,
3.3241 1.6568 1.5875,
3.1401 2.3528 1.8991,
-2.4862 3.1507 1.8583,
-3.1361 -2.6373 1.8579,
-2.7922 -3.1467 1.8117,
-1.0181 -3.2279 1.8606,
1.9313 -3.1808 1.8803,
1.8466 -3.2744 1.6896,
1.9156 -3.338 1.5298,
2.0072 -3.3556 1.476,
2.0995 -3.3727 1.4222,
2.1915 -3.3891 1.3688,
2.3378 -3.4087 1.3002,
2.6776 -3.4672 1.0885,
3.1458 -3.2158 1.6125,
3.3147 -0.1401 1.6763,
3.3388 -0.0481 1.6116,
3.3745 0.4276 1.5034,
3.4133 0.8353 1.3732,
3.395 1.4639 1.403,
3.4183 1.6386 1.3211,
3.4464 1.5875 1.232,
3.4727 1.1954 1.1518,
3.4531 1.8798 1.1917,
3.4719 2.0187 1.1171,
3.4895 1.3938 1.0771,
3.5073 1.6619 0.9911,
3.4892 2.1569 1.0435,
3.5052 2.2951 0.9717,
3.5211 1.8224 0.9214,
3.5347 2.0167 0.8467,
3.5196 2.4239 0.9025,
3.5328 2.5601 0.8339,
3.5452 2.1309 0.7846,
3.5558 2.3395 0.7142,
3.5442 2.6741 0.7697,
3.5453 2.8736 0.7574,
3.5631 2.8088 0.6513,
3.5683 2.5357 0.6174,
3.5632 2.9028 0.6456,
3.5718 2.9565 0.5779,
3.5759 2.7506 0.5405,
3.5725 3.0413 0.568,
3.5787 2.8772 0.5037,
3.5804 2.9951 0.4746,
3.1808 1.9313 1.8803,
3.338 2.0819 1.5151,
3.3517 2.1487 1.4732,
3.3899 2.2901 1.3582,
3.3294 2.5516 1.4865,
3.4672 2.6776 1.0885,
3.5096 3.0642 0.9039,
3.505 3.2756 0.9027,
3.5196 3.3189 0.8427,
-1.2485 3.2827 1.7174,
-1.3371 3.3209 1.6165,
-1.457 3.3923 1.4123,
-1.56 3.4465 1.2327,
-1.6247 3.4694 1.1473,
-1.5583 3.4808 1.1065,
-1.5276 3.4885 1.0762,
-1.5572 3.5068 0.9967,
-1.5671 3.5224 0.9229,
-2.3776 3.1779 1.8256,
-3.1507 -3.0156 1.7592,
3.0258 -3.102 1.8259,
3.3815 1.9437 1.4099,
3.1645 2.5362 1.8255,
1.8396 3.58 0.493,
2.7716 3.2039 1.7144,
2.7211 3.2777 1.5778,
2.6708 3.3165 1.4998,
2.6299 3.353 1.4191,
2.8018 3.3898 1.3061,
2.7271 3.4278 1.2085,
2.6871 3.4451 1.1599,
2.6017 3.4763 1.0636,
2.5563 3.4902 1.016,
2.1663 3.5172 0.9255,
2.361 3.5352 0.8309,
2.1456 3.5644 0.6575,
1.6619 3.5731 0.586,
-3.4944 3.5785 0.4949,
-3.2907 3.5809 0.4597,
-1.5168 3.2849 1.694,
-1.6714 3.3152 1.6077,
-1.7935 3.3415 1.5308,
-2.0246 3.3832 1.4004,
-2.0724 3.392 1.3706,
-2.2228 3.4157 1.289,
-2.3484 3.4367 1.2148,
-2.489 3.4572 1.1374,
-2.6139 3.4757 1.0649,
-2.741 3.4932 0.9921,
-2.8645 3.5091 0.9217,
-2.947 3.523 0.8583,
-3.0272 3.5355 0.7962,
-3.0917 3.5434 0.7537,
-3.2012 3.5548 0.6874,
-3.2174 3.5641 0.6283,
-3.3243 3.5703 0.579,
-3.3913 3.5749 0.5374,
-2.5925 3.2055 1.7414,
-2.7193 3.2384 1.6576,
-2.8369 3.2691 1.5775,
-2.9546 3.2996 1.495,
-3.0613 3.3278 1.4169,
-3.3153 3.3923 1.2246,
-3.3139 3.4017 1.202,
-3.348 3.4245 1.1371,
-3.3836 3.4558 1.0438,
-3.4598 3.4878 0.904,
-3.5362 3.5192 0.6862,
-3.5522 3.5221 0.6254,
-3.5713 3.5192 0.5366,
-3.5781 3.5128 0.495,
-3.2538 3.3436 1.3469,
-3.3924 3.4314 1.0923,
-3.4261 3.45 1.0213,
-3.4836 3.4798 0.8815,
-3.5 3.4872 0.8361,
-3.5149 3.4933 0.7917,
-3.56 3.5132 0.6075,
-3.1407 3.2736 1.5133,
-3.2011 3.3032 1.4418,
-3.3511 3.3966 1.1913,
-3.454 3.4548 0.9737,
-3.5256 3.4868 0.7716,
-3.5377 3.4903 0.7291,
-3.5575 3.4938 0.6479,
-3.564 3.4896 0.6163,
-3.2172 3.2741 1.4866,
-3.263 3.3069 1.407,
-3.3112 3.3319 1.3303,
-3.3495 3.3597 1.2525,
-3.3878 3.3786 1.1795,
-3.4204 3.4019 1.1021,
-3.4517 3.4146 1.0312,
-3.4779 3.4321 0.9578,
-3.5022 3.4393 0.8889,
-3.5213 3.4531 0.8201,
-3.5344 3.4599 0.7682,
-3.5447 3.4667 0.7217,
-3.5535 3.4693 0.6774,
-3.567 3.383 0.6013,
-3.5727 3.3639 0.5581,
-3.4498 -1.0494 1.2414,
-3.5802 -3.1008 0.4762,
-3.4017 -3.3139 1.202,
-3.1819 -2.7057 1.7661,
-3.2148 -2.8239 1.6852,
-3.2479 -2.9424 1.6012,
-3.2688 -3.0164 1.5469,
-3.3205 -3.213 1.4051,
-3.3361 -3.2397 1.3664,
-3.369 -3.2736 1.2865,
-3.1732 -3.0619 1.711,
-2.1626 -3.5808 0.4729,
-1.6113 -3.5776 0.5327,
-2.8605 -3.21 1.6874,
-2.9275 -3.2475 1.6052,
-2.8469 -3.2703 1.5735,
-2.9017 -3.3028 1.4975,
-2.8749 -3.3287 1.4445,
-2.8451 -3.353 1.3921,
-2.8125 -3.3758 1.3403,
-2.7769 -3.3972 1.289,
-2.7387 -3.4171 1.2381,
-2.6983 -3.4356 1.188,
-2.6557 -3.4527 1.1386,
-2.6109 -3.4686 1.0897,
-2.5638 -3.4832 1.0415,
-2.5146 -3.4967 0.994,
-2.4637 -3.509 0.9471,
-2.4109 -3.5203 0.901,
-2.3583 -3.5304 0.8556,
-2.3064 -3.5396 0.8109,
-2.2569 -3.5478 0.7669,
-2.2122 -3.555 0.7237,
-2.1799 -3.5614 0.681,
-2.1704 -3.5669 0.639,
-2.2086 -3.5716 0.5974,
-1.8824 -3.5766 0.5447,
-1.0063 -3.2642 1.7774,
-0.6374 -3.3039 1.6955,
-0.5254 -3.355 1.5592,
-0.2856 -3.3834 1.4788,
-0.0521 -3.4089 1.4004,
0.2074 -3.432 1.3216,
0.4572 -3.4526 1.2455,
0.7363 -3.4715 1.1682,
0.9889 -3.4881 1.0953,
1.2907 -3.5081 1,
1.8538 -3.5182 0.9353,
1.6463 -3.5306 0.8795,
1.9893 -3.5453 0.7888,
2.4541 -3.5562 0.7091,
2.3746 -3.5707 0.6002,
2.5716 -3.5756 0.5462,
2.5628 -3.5794 0.4953,
-0.1178 -3.2866 1.7489,
0.0335 -3.3079 1.6944,
0.1891 -3.3279 1.6401,
0.4242 -3.3555 1.5599,
0.6808 -3.3811 1.4784,
0.9208 -3.4039 1.4006,
1.1358 -3.4247 1.3248,
1.3305 -3.445 1.2477,
1.9347 -3.467 1.1412,
1.7036 -3.4831 1.0904,
1.8433 -3.4993 1.0179,
2.2908 -3.5188 0.9134,
2.1308 -3.5279 0.8766,
2.5436 -3.5429 0.7833,
2.5686 -3.5598 0.6807,
2.6537 -3.5672 0.6237,
2.8331 -3.5752 0.5467,
2.9155 -3.5684 0.6064,
2.8766 -3.5764 0.5315,
3.0789 -3.5804 0.4746,
1.6631 -3.4015 1.3714,
1.8037 -3.4238 1.2932,
1.8962 -3.4379 1.2419,
2.0797 -3.4641 1.1413,
2.2067 -3.4818 1.069,
2.2697 -3.4993 0.9967,
2.4421 -3.519 0.9039,
2.5258 -3.5279 0.8587,
2.8287 -3.5399 0.786,
2.7649 -3.5509 0.7285,
2.8918 -3.5605 0.6648,
2.7189 -3.4873 1.015,
3.1559 -3.484 0.9889,
2.7011 -3.2093 1.716,
2.9422 -3.2374 1.6218,
3.192 -3.3057 1.4401,
3.0804 -3.1452 1.7437,
3.2283 -3.2959 1.4458,
3.1805 -3.2231 1.5815,
3.2321 -3.2553 1.5012,
3.3073 -3.3032 1.3699,
3.3715 -3.3423 1.2418,
3.402 -3.3688 1.1673,
3.4236 -3.3809 1.1173,
3.4548 -3.3978 1.0392,
3.4785 -3.4101 0.9724,
3.4932 -3.4194 0.9256,
3.5073 -3.4296 0.8768,
3.5204 -3.4392 0.8271,
3.532 -3.4439 0.7802,
3.5417 -3.3772 0.743,
3.5506 -3.3471 0.7012,
3.5582 -3.3138 0.6605,
3.5679 -3.2861 0.5987,
3.5777 -3.3344 0.5096,
3.5805 -3.1702 0.4702,
3.3262 -1.2279 1.6087,
3.3919 -1.1951 1.4269,
3.393 -0.645 1.4433,
3.4912 2.8408 0.9916,
3.5315 3.1339 0.8082,
3.54 3.4571 0.7453,
3.3189 3.028 1.4416,
3.1963 2.6452 1.7496,
3.168 2.8474 1.7644,
3.1964 2.9119 1.702,
3.3582 3.2721 1.3108,
3.3898 3.2954 1.2346,
3.4123 3.3393 1.1691,
3.5039 3.4376 0.8853,
3.5409 3.4793 0.7289,
3.5305 3.4588 0.7836,
3.5585 3.489 0.6464,
3.5676 3.5152 0.5672,
3.2461 3.1627 1.5589,
3.2886 3.2436 1.4475,
3.3056 3.2148 1.4339,
3.3332 3.2466 1.3699,
3.3558 3.3138 1.2917,
3.4405 3.4017 1.0661,
3.4483 3.3715 1.069,
3.4725 3.4336 0.9673,
3.5109 3.4733 0.8307,
3.5287 3.4941 0.7531,
3.5443 3.5052 0.6864,
3.4935 3.4662 0.8813,
3.5739 3.5308 0.4795,
3.0613 3.2169 1.6355,
3.0944 3.3178 1.4323,
2.95 3.259 1.5783,
2.9582 3.3163 1.459,
2.9035 3.3555 1.3774,
2.9995 3.4046 1.2422,
2.9891 3.4621 1.078,
2.7013 3.505 0.9484,
2.6518 3.5169 0.9024,
2.6001 3.5275 0.8572,
2.4925 3.5457 0.7695,
2.4375 3.5533 0.7268,
2.3824 3.5599 0.6851,
2.3436 3.5722 0.5874,
2.1663 3.5741 0.5704,
2.1813 3.5773 0.5319,
-1.6769 3.5392 0.8319,
-3.479 -1.3148 1.1218,
-3.493 -1.0982 1.0721,
-3.1812 -3.3774 1.2839,
3.3797 -3.508 0.8824,
3.1751 -3.2849 1.4843,
3.2674 -3.3568 1.3155,
3.139 -3.2516 1.5548,
3.5813 2.5468 0.4597,
3.5823 2.8172 0.4263,
3.3847 0.0179 1.476,
3.4084 0.088 1.402,
3.4215 -0.5497 1.3531,
3.4229 2.2779 1.2628,
3.5408 3.3243 0.7513,
3.403 1.9927 1.3438,
-1.857 3.4239 1.2897,
-2.0369 3.4519 1.187,
-2.3286 3.4882 1.0383,
-2.6152 3.5195 0.8939,
-2.8112 3.5405 0.784,
-2.9854 3.5548 0.6976,
-3.1067 3.579 0.4942,
-3.4063 -1.3536 1.3742,
2.7575 -3.5042 0.948,
3.211 -3.5107 0.8877,
3.3451 -1.2875 1.5548,
3.5492 3.2522 0.7144,
2.0236 3.5797 0.4953,
-3.4374 -1.5726 1.2626,
-3.4592 -1.7104 1.1796,
-3.4946 -2.0103 1.03,
-3.5225 -2.3318 0.894,
-3.5535 -2.7418 0.7163,
-3.5559 -2.7858 0.6991,
-3.5671 -2.7296 0.6217,
-2.4522 -3.5799 0.4898,
3.5802 -3.421 0.4714,
3.5811 -3.5134 0.4532,
3.5772 2.1545 0.5315,
3.576 2.0455 0.5489,
3.5802 2.1492 0.4857,
3.4494 -0.4114 1.2584,
3.4178 2.0816 1.2928,
2.2735 -3.4297 1.2417,
2.8354 -3.5194 0.8803,
3.1801 -3.5271 0.824,
3.2306 -3.5388 0.7678,
3.1202 -3.5521 0.7063,
3.3521 -3.5349 0.7785,
3.2951 -3.5586 0.6596,
3.3002 -3.3865 1.24,
3.277 -3.3259 1.3671,
3.4516 0.5913 1.2467,
3.5115 2.7709 0.9175,
-1.9005 3.5167 0.9401,
-1.9599 3.5419 0.8091,
3.3127 -3.3495 1.3026,
3.3548 -3.4099 1.1645,
3.3803 -3.3956 1.1659,
3.4268 -3.4509 1.0193,
3.4458 -3.4329 1.0204,
3.4839 -3.4804 0.8806,
3.4984 -3.4583 0.8814,
3.5282 -3.4981 0.7492,
3.5375 -3.4725 0.7499,
3.5551 -3.5037 0.646,
3.5624 -3.4939 0.6242,
3.5792 -3.4995 0.486,
3.3586 -3.3597 1.2411,
3.4824 2.5496 1.0444,
3.5238 2.8644 0.8589,
3.5552 3.1373 0.6871,
3.5602 3.3664 0.6462,
2.1599 3.5813 0.4602,
-1.6929 3.5543 0.7404,
3.4389 -1.2023 1.2736,
3.4766 -0.0752 1.1563,
3.4457 2.2582 1.1917,
-3.1884 -3.4147 1.1891,
2.3157 -3.4506 1.1713,
3.3414 -3.4261 1.1346,
3.4962 -1.4707 1.045,
3.4786 -1.2332 1.127,
3.5823 2.6419 0.4264,
3.4942 2.5969 0.9972,
3.5667 3.307 0.6063,
3.2631 3.5485 0.7184,
-2.0439 3.5547 0.7282,
3.4648 2.3346 1.122,
-2.22 3.509 0.9597,
-2.5155 3.5328 0.8373,
-2.7376 3.552 0.7252,
-2.7858 3.5559 0.6991,
-2.9435 3.5709 0.5863,
-3.4911 -0.2595 1.0935,
-3.5358 -0.1582 0.8767,
-3.4825 -1.6739 1.0933,
-3.1933 -3.4335 1.1379,
-3.2105 -3.4679 1.036,
-3.2349 -3.5119 0.8811,
-3.4246 -3.5569 0.6614,
3.3767 -3.4547 1.0506,
3.5692 3.2226 0.5902,
3.5736 3.3776 0.5481,
3.4099 3.5669 0.6014,
3.1359 3.4522 1.0912,
2.9668 3.4935 0.9728,
2.9423 3.5538 0.7053,
2.5304 3.5694 0.6074,
2.6793 3.5806 0.4741,
-3.5068 -1.3369 1.0041,
-3.5213 -1.4173 0.9341,
-3.5136 -1.9476 0.9506,
-3.5367 -2.1713 0.8306,
-3.5505 -2.3007 0.748,
-3.5812 -2.7781 0.46,
-2.7422 -3.5806 0.4728,
-2.8423 -3.5823 0.4263,
-3.1371 -3.4683 1.0418,
-2.9668 -3.4935 0.9728,
-2.8847 -3.5186 0.8807,
-2.7927 -3.539 0.7919,
-2.6926 -3.555 0.7069,
-2.5888 -3.5642 0.6469,
-2.544 -3.5718 0.5863,
-2.4061 -3.5769 0.5316,
3.4885 -0.9322 1.0939,
3.5041 -0.8581 1.0278,
3.5639 1.636 0.6741,
3.5683 0.7957 0.6445,
3.5733 0.8738 0.5912,
3.5782 1.0577 0.5276,
3.5749 1.2914 0.5689,
3.58 0.9716 0.4952,
3.4998 0.2781 1.0565,
-3.5588 -2.1595 0.6988,
-3.5414 -1.55 0.8236,
-3.5534 -1.5655 0.749,
3.2917 -3.5667 0.6063,
3.5042 -3.5751 0.531,
3.3873 -3.4774 0.9825,
3.4117 -3.4685 0.9962,
3.1531 3.5343 0.7948,
3.1447 3.4819 0.9965,
-2.0374 3.5227 0.9046,
-2.1759 3.5354 0.8363,
-3.5786 -2.3156 0.5109,
-3.574 -2.1492 0.5713,
-3.5808 -2.307 0.472,
-3.5823 -2.832 0.4263,
3.464 -3.4964 0.8793,
3.5051 -3.5146 0.7706,
3.532 -3.524 0.6864,
3.5529 -3.5318 0.5991,
3.5689 -3.5063 0.5772,
3.5754 -3.5009 0.5277,
3.52 -0.9085 0.9525,
3.5195 0.6497 0.9591,
3.1334 3.4987 0.939,
2.8503 3.5765 0.5322,
2.768 3.5792 0.4953,
-2.6459 3.5671 0.6241,
-3.5542 -0.3976 0.7572,
-3.5447 -1.9637 0.7923,
-3.5657 -1.8961 0.6514,
-3.1741 -3.4953 0.9478,
-3.3639 -3.5626 0.6327,
3.4381 -3.5059 0.8784,
3.5328 -0.5259 0.8904,
3.1188 3.5127 0.8875,
-3.5365 -1.642 0.8505,
-3.5623 -1.1256 0.6913,
-3.5681 -1.7886 0.6335,
-3.5754 -2.0839 0.5557,
-3.5775 -2.821 0.5221,
3.5807 0.0116 0.4825,
3.5361 1.011 0.8657,
-3.555 -0.8278 0.7488,
-3.3219 -3.547 0.7225,
-3.1254 -3.5218 0.8503,
3.54 -1.3069 0.8362,
3.5452 -0.1738 0.8191,
3.0607 3.538 0.7824,
-1.9502 3.5719 0.5951,
-1.8651 3.5759 0.5527,
-2.3006 3.5464 0.7716,
-2.8018 -3.578 0.5138,
-3.2044 -3.5804 0.4715,
-3.107 -3.5384 0.7778,
3.464 -3.5349 0.7644,
3.4917 -3.5322 0.7471,
3.5487 -1.6002 0.7783,
3.5548 0.0603 0.7559,
3.5499 1.3172 0.7768,
3.2044 3.5804 0.4715,
-2.1076 3.5624 0.6734,
-1.8817 3.5688 0.6253,
-2.3924 3.5694 0.6119,
-2.5033 3.578 0.5181,
-2.7253 3.5766 0.5314,
-3.1854 3.5819 0.4409,
-3.1531 -3.5686 0.5989,
3.5809 -0.4915 0.477,
3.5555 -1.2734 0.7401,
3.2058 3.5646 0.6253,
-3.5718 -2.3153 0.5899,
-3.0298 -3.5511 0.7159,
3.477 -3.5506 0.6905,
3.5437 -3.5676 0.474,
3.5376 -3.5751 0.4181,
3.5636 0.5182 0.687,
2.9507 3.5624 0.65,
-2.2567 3.5807 0.4746,
-2.5092 3.5812 0.46,
-3.5794 -0.7843 0.5074,
-2.9856 -3.5584 0.6744,
3.4851 -3.5591 0.6451,
3.5044 -3.5584 0.6311,
3.5244 -3.5472 0.6391,
3.5777 -0.0919 0.5375,
3.5779 -0.9948 0.5326,
3.5713 -1.0865 0.6144,
3.5663 1.7765 0.6494,
2.9061 3.5681 0.6098,
-3.578 -1.8226 0.5262,
-3.5789 -1.8453 0.5113,
-3.5711 -1.0072 0.6136,
-2.8362 -3.5742 0.5558,
-3.103 -3.5732 0.5612,
3.4905 -3.5666 0.5982,
2.8666 3.5728 0.5704,
3.5531 -3.5471 0.5509,
3.5719 -0.3704 0.6075,
3.5769 -1.3588 0.5468,
3.5724 1.8877 0.5906,
3.3534 3.58 0.4765,
-3.3771 -3.5801 0.4738,
3.5015 -3.5726 0.5498,
3.5374 -3.56 0.5489,
3.5277 -3.5719 0.5109,
3.5107 -3.578 0.4948,
3.567 -3.5372 0.5117,
3.578 0.0095 0.5317,
-2.6419 3.5823 0.4264,
3.5142 -3.5817 0.4339,
3.5655 -3.5485 0.4602,
1.7917 1.8982 3.0789,
1.4215 1.8461 3.0323,
1.1939 2.1483 3.0536,
0.949 2.0063 3.0162,
0.6927 2.1483 3.0222,
0.4386 2.1483 3.0127,
0.0508 2.1494 3.0061,
-0.4694 2.0677 3.0016,
-0.8066 2.0123 3.0087,
-1.1577 2.0063 3.0304,
-1.665 1.8034 3.0521,
-1.9666 1.6432 3.0712,
-1.9245 1.3939 3.0402,
-2.0869 1.0293 3.0323,
-1.9644 0.7612 2.9994,
-1.7079 1.1402 2.9926,
-1.9645 0.5074 2.9888,
1.5845 -0.7606 2.9549,
1.8359 -0.8871 2.9907,
2.0932 -0.5486 3.0078,
2.2913 -1.1021 3.0663,
1.9568 -1.3928 3.0446,
1.7976 -1.5547 3.0396,
1.8058 -1.9073 3.0818,
1.4415 -1.9777 3.0518,
1.0426 -1.9708 3.0171,
0.5676 -2.161 3.0184,
0.0746 -2.1494 3.0062,
-0.3146 -2.1483 3.0096,
-0.6978 -2.015 3.0031,
-0.9713 -2.0288 3.0202,
-1.6916 -1.8898 3.0662,
-2.136 -0.219 3.0055,
-2.0859 -0.76 3.0162,
-1.9206 -1.0374 3.0104,
-1.9855 -1.5181 3.0599,
-1.8312 -1.3928 3.0288,
-1.5796 -1.3928 3.0004,
-1.5828 -1.0136 2.97,
-1.3301 -1.036 2.9473,
2.1023 -0.0463 2.9991,
2.0486 0.2799 2.9942,
2.0646 0.6301 3.0074,
1.7117 0.5071 2.9586,
-0.8245 1.0136 2.9099,
-0.5706 1.036 2.8998,
-0.9478 1.5194 2.9587,
-1.1902 1.4978 2.9739,
1.8542 1.5401 3.045,
1.9607 1.0136 3.0143,
1.7067 1.2665 3.0026,
-0.0633 1.5191 2.9297,
0.1894 1.7712 2.9581,
-0.1893 1.8971 2.9734,
-0.4423 1.6667 2.9516,
1.4547 1.2665 2.9762,
1.2017 1.2888 2.956,
1.1976 1.7934 3.007,
0.9493 1.5191 2.9593,
0.695 1.7489 2.9704,
0.4402 1.7712 2.9634,
1.7097 0.8871 2.9764,
1.4573 0.8871 2.95,
1.204 0.8871 2.9278,
0.9512 1.1401 2.9268,
0.6966 1.3928 2.934,
0.4415 1.3928 2.9245,
0.1899 1.3928 2.9192,
-0.3165 1.3928 2.9213,
-0.7056 1.5407 2.9479,
1.459 0.5071 2.9322,
1.2054 0.5295 2.9108,
0.9526 0.7605 2.9026,
0.698 0.9913 2.9021,
0.4425 1.0136 2.8939,
0.1902 1.0136 2.8887,
-0.0634 1.0136 2.8876,
-0.3171 1.0136 2.8908,
1.7127 -0 2.9502,
1.4598 0 2.9238,
1.2062 0.0224 2.9016,
0.9535 0.2536 2.8857,
0.6991 0.4847 2.8776,
0.4435 0.5071 2.8687,
0.1906 0.5071 2.8634,
-0.0635 0.5071 2.8624,
-0.3176 0.5071 2.8655,
-0.5715 0.5295 2.8738,
-1.0776 1.0136 2.9257,
-1.4539 1.3713 2.9853,
-0.826 0.5071 2.8846,
-1.3304 0.9913 2.9443,
1.9644 -0.3803 2.9861,
1.7121 -0.3803 2.9555,
1.4593 -0.3803 2.929,
1.2059 -0.3803 2.9068,
0.9535 -0.1268 2.8847,
0.6993 0.1268 2.8709,
0.4439 0.1268 2.8613,
0.1907 0.1268 2.856,
-0.0636 0.1268 2.855,
-0.3178 0.1268 2.8582,
-0.5718 0.1268 2.8656,
-1.0791 0.6338 2.9057,
-1.5836 0.8871 2.9627,
1.3421 -0.7389 2.9306,
1.079 -0.6121 2.9043,
0.8258 -0.4022 2.8815,
0.5618 -0.2756 2.8663,
0.3177 -0.2537 2.8587,
0.0634 -0.2536 2.8555,
-0.1906 -0.2536 2.8566,
-0.4347 -0.2318 2.8614,
-0.6992 -0.1048 2.8702,
-0.9531 0.1268 2.8841,
-1.2064 0.3586 2.9058,
-1.4695 0.4855 2.9322,
-1.7119 0.5072 2.9581,
1.9595 -1.1401 3.0237,
1.7078 -1.1401 2.9932,
1.4557 -1.1401 2.9668,
1.203 -1.1401 2.9446,
0.9517 -0.8871 2.9099,
0.6986 -0.6338 2.8835,
0.4438 -0.6338 2.874,
0.1905 -0.6338 2.8687,
-0.0635 -0.6338 2.8676,
-0.3175 -0.6338 2.8708,
-0.5713 -0.6338 2.8782,
-0.8265 -0.3803 2.8815,
-1.0801 -0.1268 2.8931,
-1.3331 0.1268 2.9132,
-1.5862 0.1268 2.9375,
-1.8388 0.1268 2.9661,
-2.091 0.1268 2.9988,
1.4526 -1.5191 2.9993,
1.2006 -1.4968 2.975,
0.9499 -1.2665 2.9362,
0.6976 -1.0359 2.9051,
0.4434 -1.0136 2.894,
0.1903 -1.0136 2.8887,
-0.0634 -1.0136 2.8876,
-0.3171 -1.0136 2.8908,
-0.5706 -0.9913 2.8968,
-0.8259 -0.7605 2.8952,
-1.0797 -0.5071 2.9005,
-1.333 -0.276 2.9147,
-1.5861 -0.2536 2.9386,
-1.8387 -0.2536 2.9671,
0.9475 -1.6451 2.9729,
0.6962 -1.3928 2.934,
0.4426 -1.3928 2.9245,
0.1899 -1.3928 2.9192,
-0.0633 -1.3928 2.9182,
-0.3165 -1.3928 2.9213,
-0.5694 -1.3928 2.9287,
-0.8247 -1.1401 2.9194,
-1.0784 -0.8871 2.9184,
-1.332 -0.6338 2.9258,
-1.5849 -0.6338 2.9501,
-1.8373 -0.6338 2.9786,
0.6942 -1.7934 2.9755,
0.4417 -1.7712 2.9634,
0.1894 -1.7712 2.9581,
-0.0631 -1.7712 2.9571,
-0.3156 -1.7712 2.9603,
-1.3228 1.897 3.0306,
-0.568 -1.7489 2.9651,
-0.823 -1.5191 2.9519,
-1.1997 -1.6666 2.9927,
-1.0767 -1.2665 2.9446,
-1.4626 -1.5407 3.0021,
-1.3228 -1.897 3.0306,
-2.0472 -2.0472 2.2441,
-2.0472 2.0472 2.2441,
2.0472 2.0472 2.2441,
2.0472 -2.0472 2.2441,
2.874 -2.874 0,
-2.874 -2.874 0,
2.874 2.874 0,
-2.874 2.874 0,
3.5827 -3.5039 0,
3.5796 -3.5283 0,
3.5684 -3.5491 0.1969,
3.5566 -3.5629 0,
3.5194 -3.5813 0.1969,
3.5039 -3.5827 0,
3.5311 -3.5787 0,
3.5827 3.5039 0,
-3.5039 -3.5827 0,
-3.5827 -3.5039 0,
-3.5827 3.5039 0,
-3.5039 3.5827 0,
-3.5766 3.5378 0,
3.5039 3.5827 0,
-3.5378 -3.5766 0,
-3.5766 -3.5378 0,
-3.5376 3.5762 0,
3.5244 3.5801 0,
3.5603 3.5603 0,
3.5803 3.5244 0,
-3.5262 -3.5801 0.1969,
-3.5596 -3.5596 0.1969,
-3.5813 -3.5194 0.1969,
-3.5813 3.5194 0.1969,
-3.5194 3.5813 0.1969,
3.5372 3.5753 0.1969,
3.5724 3.5435 0.1969
    ] }
    coordIndex [
0,1,2,-1,
2,1,3,-1,
4,5,6,-1,
6,5,7,-1,
8,9,5,-1,
5,9,7,-1,
8,10,9,-1,
9,10,11,-1,
12,11,13,-1,
13,11,10,-1,
12,13,14,-1,
14,13,15,-1,
16,14,17,-1,
17,14,15,-1,
18,16,19,-1,
19,16,17,-1,
0,4,1,-1,
1,4,6,-1,
18,19,20,-1,
20,19,21,-1,
22,20,23,-1,
23,20,21,-1,
3,22,2,-1,
2,22,23,-1,
18,20,24,-1,
24,20,25,-1,
20,22,25,-1,
25,22,26,-1,
22,3,26,-1,
26,3,27,-1,
3,1,27,-1,
27,1,28,-1,
1,6,28,-1,
28,6,29,-1,
6,7,29,-1,
29,7,30,-1,
31,17,15,-1,
31,15,32,-1,
32,15,33,-1,
33,15,34,-1,
34,15,35,-1,
35,15,36,-1,
36,15,13,-1,
36,13,37,-1,
37,13,38,-1,
38,13,39,-1,
39,13,10,-1,
39,10,40,-1,
40,10,41,-1,
41,10,42,-1,
42,10,43,-1,
43,10,44,-1,
44,10,8,-1,
44,8,45,-1,
45,8,46,-1,
46,8,47,-1,
47,8,48,-1,
48,8,49,-1,
49,8,5,-1,
49,5,50,-1,
50,5,51,-1,
51,5,52,-1,
52,5,4,-1,
52,4,53,-1,
53,4,54,-1,
54,4,55,-1,
55,4,56,-1,
56,4,57,-1,
57,4,0,-1,
57,0,58,-1,
58,0,59,-1,
59,0,60,-1,
60,0,61,-1,
61,0,62,-1,
62,0,2,-1,
62,2,63,-1,
63,2,64,-1,
64,2,23,-1,
64,23,65,-1,
65,23,66,-1,
66,23,67,-1,
67,23,68,-1,
68,23,69,-1,
69,23,21,-1,
69,21,70,-1,
70,21,71,-1,
71,21,72,-1,
72,21,73,-1,
73,21,74,-1,
74,21,75,-1,
75,21,19,-1,
75,19,76,-1,
76,19,77,-1,
77,19,17,-1,
77,17,78,-1,
78,17,79,-1,
79,17,80,-1,
80,17,81,-1,
81,17,31,-1,
28,29,27,-1,
27,29,30,-1,
27,30,24,-1,
24,30,82,-1,
24,82,83,-1,
83,82,84,-1,
30,85,82,-1,
82,85,86,-1,
24,25,27,-1,
27,25,26,-1,
12,14,82,-1,
82,14,84,-1,
11,12,86,-1,
86,12,82,-1,
9,11,85,-1,
85,11,86,-1,
7,9,30,-1,
30,9,85,-1,
16,18,83,-1,
83,18,24,-1,
14,16,84,-1,
84,16,83,-1,
32,87,31,-1,
31,87,88,-1,
31,88,81,-1,
81,88,89,-1,
81,89,80,-1,
80,89,90,-1,
80,90,79,-1,
79,90,78,-1,
78,90,91,-1,
78,91,77,-1,
77,91,92,-1,
77,92,76,-1,
76,92,93,-1,
76,93,75,-1,
75,93,74,-1,
74,93,94,-1,
74,94,73,-1,
73,94,95,-1,
73,95,72,-1,
72,95,96,-1,
72,96,71,-1,
71,96,70,-1,
70,96,97,-1,
70,97,69,-1,
69,97,98,-1,
69,98,68,-1,
68,98,99,-1,
68,99,67,-1,
67,99,66,-1,
66,99,100,-1,
66,100,65,-1,
65,100,101,-1,
65,101,64,-1,
64,101,102,-1,
64,102,63,-1,
63,102,62,-1,
62,102,103,-1,
62,103,61,-1,
61,103,104,-1,
61,104,60,-1,
60,104,105,-1,
60,105,59,-1,
59,105,58,-1,
58,105,106,-1,
58,106,57,-1,
57,106,107,-1,
57,107,56,-1,
56,107,108,-1,
56,108,55,-1,
55,108,54,-1,
54,108,109,-1,
54,109,53,-1,
53,109,110,-1,
53,110,52,-1,
52,110,111,-1,
52,111,51,-1,
51,111,50,-1,
50,111,112,-1,
50,112,49,-1,
49,112,113,-1,
49,113,48,-1,
48,113,114,-1,
48,114,47,-1,
47,114,46,-1,
46,114,115,-1,
46,115,45,-1,
45,115,116,-1,
45,116,44,-1,
44,116,117,-1,
44,117,43,-1,
43,117,42,-1,
42,117,118,-1,
42,118,41,-1,
41,118,119,-1,
41,119,40,-1,
40,119,120,-1,
40,120,39,-1,
39,120,38,-1,
38,120,121,-1,
38,121,37,-1,
37,121,122,-1,
37,122,36,-1,
36,122,123,-1,
36,123,35,-1,
35,123,34,-1,
34,123,124,-1,
34,124,33,-1,
33,124,125,-1,
33,125,32,-1,
32,125,87,-1,
126,127,128,-1,
127,126,129,-1,
129,130,131,-1,
126,130,129,-1,
130,132,131,-1,
131,132,133,-1,
133,132,134,-1,
133,134,135,-1,
135,134,136,-1,
137,138,136,-1,
139,140,141,-1,
142,143,144,-1,
145,146,147,-1,
148,147,149,-1,
148,149,143,-1,
143,149,144,-1,
144,149,150,-1,
146,151,147,-1,
147,151,149,-1,
149,151,152,-1,
149,152,150,-1,
150,153,154,-1,
150,152,153,-1,
155,156,157,-1,
157,156,158,-1,
158,156,159,-1,
160,161,162,-1,
163,164,165,-1,
166,167,168,-1,
169,168,170,-1,
171,172,173,-1,
174,173,175,-1,
176,177,178,-1,
172,179,180,-1,
172,181,173,-1,
173,181,175,-1,
178,177,182,-1,
179,183,180,-1,
180,184,172,-1,
172,184,181,-1,
185,186,187,-1,
186,188,187,-1,
189,190,191,-1,
191,190,192,-1,
193,194,195,-1,
196,197,198,-1,
199,200,201,-1,
202,203,204,-1,
205,206,203,-1,
207,208,205,-1,
209,210,211,-1,
211,210,212,-1,
213,214,215,-1,
216,217,214,-1,
214,217,218,-1,
219,130,218,-1,
220,130,126,-1,
126,128,221,-1,
210,209,222,-1,
223,224,225,-1,
223,225,226,-1,
227,228,229,-1,
230,231,232,-1,
232,231,233,-1,
234,235,236,-1,
237,238,239,-1,
237,239,240,-1,
241,242,243,-1,
242,244,243,-1,
243,244,245,-1,
243,245,246,-1,
247,248,201,-1,
201,248,249,-1,
201,249,250,-1,
201,250,199,-1,
200,199,251,-1,
251,198,252,-1,
199,253,251,-1,
251,253,198,-1,
252,198,197,-1,
249,254,250,-1,
250,255,199,-1,
199,255,253,-1,
254,256,250,-1,
250,256,255,-1,
253,255,198,-1,
256,254,257,-1,
189,258,259,-1,
196,259,195,-1,
195,187,260,-1,
260,187,188,-1,
259,187,195,-1,
191,261,262,-1,
263,174,181,-1,
264,174,263,-1,
174,175,181,-1,
265,266,267,-1,
268,269,270,-1,
270,271,272,-1,
270,272,273,-1,
270,269,271,-1,
273,272,274,-1,
275,276,266,-1,
266,276,277,-1,
277,278,269,-1,
269,278,279,-1,
269,279,271,-1,
272,280,274,-1,
281,282,283,-1,
284,283,285,-1,
286,271,279,-1,
287,288,289,-1,
290,291,292,-1,
293,294,295,-1,
295,294,296,-1,
295,296,297,-1,
297,296,159,-1,
298,299,300,-1,
301,302,303,-1,
303,304,305,-1,
306,307,308,-1,
309,310,311,-1,
306,311,307,-1,
312,154,313,-1,
313,154,153,-1,
314,129,131,-1,
315,131,133,-1,
127,129,314,-1,
316,315,140,-1,
140,315,133,-1,
314,131,317,-1,
317,131,315,-1,
315,316,139,-1,
139,316,140,-1,
318,127,314,-1,
319,132,130,-1,
320,318,314,-1,
321,320,314,-1,
321,314,317,-1,
134,132,322,-1,
322,132,319,-1,
321,317,315,-1,
139,321,315,-1,
137,136,134,-1,
141,140,323,-1,
323,140,324,-1,
323,324,325,-1,
325,324,326,-1,
325,326,327,-1,
327,326,328,-1,
327,328,329,-1,
329,328,330,-1,
329,330,331,-1,
331,330,332,-1,
332,330,333,-1,
332,333,334,-1,
334,333,143,-1,
334,143,142,-1,
333,148,143,-1,
140,133,324,-1,
324,133,335,-1,
324,335,326,-1,
326,336,328,-1,
328,336,330,-1,
330,336,337,-1,
330,337,338,-1,
330,338,333,-1,
333,338,148,-1,
326,335,336,-1,
338,337,147,-1,
338,147,148,-1,
133,135,335,-1,
335,135,339,-1,
335,339,336,-1,
336,339,340,-1,
336,340,337,-1,
337,340,147,-1,
135,136,341,-1,
135,341,339,-1,
339,341,342,-1,
339,342,340,-1,
340,145,147,-1,
136,138,341,-1,
341,138,343,-1,
341,343,342,-1,
342,344,340,-1,
340,344,145,-1,
153,152,345,-1,
151,346,152,-1,
346,347,152,-1,
152,347,348,-1,
349,348,350,-1,
345,152,348,-1,
345,348,349,-1,
313,345,351,-1,
351,345,352,-1,
352,345,349,-1,
352,349,353,-1,
153,345,313,-1,
352,353,354,-1,
355,312,313,-1,
355,313,351,-1,
349,350,353,-1,
353,307,354,-1,
354,356,357,-1,
358,355,351,-1,
354,307,356,-1,
356,311,357,-1,
357,311,359,-1,
358,351,352,-1,
350,360,353,-1,
353,360,308,-1,
353,308,307,-1,
356,307,311,-1,
311,310,359,-1,
361,358,352,-1,
361,352,354,-1,
357,361,354,-1,
360,362,308,-1,
308,362,304,-1,
308,304,306,-1,
311,300,309,-1,
309,300,363,-1,
363,300,299,-1,
306,304,303,-1,
306,303,311,-1,
311,303,302,-1,
311,302,300,-1,
303,364,301,-1,
300,302,365,-1,
300,365,298,-1,
298,365,157,-1,
364,303,366,-1,
366,303,305,-1,
366,367,364,-1,
365,302,155,-1,
155,302,301,-1,
364,160,301,-1,
301,160,155,-1,
155,162,156,-1,
156,368,159,-1,
157,365,155,-1,
160,364,367,-1,
162,155,160,-1,
367,369,160,-1,
160,369,161,-1,
161,369,370,-1,
161,370,371,-1,
159,368,297,-1,
368,156,372,-1,
368,372,297,-1,
156,162,372,-1,
161,371,373,-1,
162,161,372,-1,
295,374,293,-1,
372,161,373,-1,
370,375,371,-1,
371,291,373,-1,
373,291,376,-1,
373,376,377,-1,
378,377,379,-1,
378,379,380,-1,
297,372,373,-1,
297,373,295,-1,
295,373,374,-1,
371,375,292,-1,
371,292,291,-1,
379,377,164,-1,
379,164,380,-1,
380,164,163,-1,
374,373,377,-1,
377,376,164,-1,
293,374,378,-1,
378,374,377,-1,
376,291,381,-1,
381,291,290,-1,
292,382,290,-1,
164,376,169,-1,
169,376,381,-1,
290,382,166,-1,
290,166,381,-1,
381,166,169,-1,
169,166,168,-1,
164,169,170,-1,
164,170,165,-1,
165,170,383,-1,
382,167,166,-1,
168,167,384,-1,
384,167,385,-1,
386,168,384,-1,
386,384,289,-1,
170,168,386,-1,
383,170,386,-1,
383,386,387,-1,
387,386,288,-1,
388,384,385,-1,
389,289,384,-1,
386,289,288,-1,
384,388,280,-1,
280,388,274,-1,
389,384,280,-1,
390,280,272,-1,
289,389,282,-1,
282,389,280,-1,
391,390,272,-1,
282,280,283,-1,
283,280,390,-1,
283,390,391,-1,
391,272,271,-1,
281,287,289,-1,
281,289,282,-1,
285,283,391,-1,
286,285,391,-1,
286,391,271,-1,
392,286,279,-1,
393,392,278,-1,
278,392,279,-1,
393,278,277,-1,
268,394,269,-1,
277,269,395,-1,
277,395,266,-1,
266,395,267,-1,
276,393,277,-1,
267,396,265,-1,
268,178,394,-1,
394,178,269,-1,
269,178,395,-1,
267,395,396,-1,
395,178,182,-1,
268,176,178,-1,
183,395,182,-1,
396,395,179,-1,
179,395,183,-1,
183,182,397,-1,
183,397,180,-1,
398,396,172,-1,
172,396,179,-1,
177,399,182,-1,
182,186,397,-1,
171,398,172,-1,
182,399,186,-1,
186,185,397,-1,
397,184,180,-1,
397,185,184,-1,
185,187,184,-1,
181,184,400,-1,
181,400,263,-1,
400,264,263,-1,
259,400,184,-1,
184,187,259,-1,
400,259,258,-1,
400,258,264,-1,
258,262,264,-1,
262,258,189,-1,
262,189,191,-1,
195,194,196,-1,
196,401,259,-1,
259,401,402,-1,
259,402,189,-1,
189,402,403,-1,
189,403,190,-1,
194,197,196,-1,
401,196,198,-1,
401,198,402,-1,
403,402,198,-1,
403,198,255,-1,
190,403,255,-1,
192,190,404,-1,
404,190,255,-1,
404,255,257,-1,
257,255,256,-1,
247,201,405,-1,
251,406,200,-1,
200,407,201,-1,
201,407,408,-1,
201,408,405,-1,
405,409,410,-1,
410,409,411,-1,
406,412,200,-1,
405,408,409,-1,
411,409,244,-1,
412,407,200,-1,
409,246,244,-1,
407,239,408,-1,
408,413,409,-1,
409,413,246,-1,
246,245,244,-1,
407,414,239,-1,
408,239,413,-1,
413,239,415,-1,
413,415,246,-1,
414,240,239,-1,
415,239,238,-1,
415,238,246,-1,
238,416,246,-1,
246,416,243,-1,
237,417,238,-1,
238,417,233,-1,
238,233,231,-1,
238,231,416,-1,
416,231,230,-1,
416,230,418,-1,
416,418,419,-1,
419,418,236,-1,
236,418,234,-1,
243,416,241,-1,
241,416,419,-1,
241,419,236,-1,
234,418,420,-1,
234,420,421,-1,
230,232,207,-1,
207,232,422,-1,
233,422,232,-1,
206,423,203,-1,
203,423,204,-1,
230,207,205,-1,
230,205,418,-1,
418,205,420,-1,
420,205,421,-1,
421,205,203,-1,
207,424,208,-1,
205,208,206,-1,
422,425,207,-1,
206,208,426,-1,
206,426,423,-1,
423,426,204,-1,
204,426,427,-1,
207,425,424,-1,
424,428,208,-1,
208,428,426,-1,
426,429,427,-1,
429,430,427,-1,
427,430,431,-1,
425,432,424,-1,
424,432,433,-1,
424,433,428,-1,
429,426,430,-1,
428,433,434,-1,
428,434,435,-1,
428,435,426,-1,
426,435,430,-1,
430,436,431,-1,
431,436,437,-1,
430,435,436,-1,
432,438,433,-1,
433,438,434,-1,
436,439,437,-1,
437,439,228,-1,
438,440,434,-1,
434,440,435,-1,
435,440,441,-1,
435,441,436,-1,
439,442,228,-1,
438,443,440,-1,
436,441,442,-1,
436,442,439,-1,
442,229,228,-1,
440,444,441,-1,
441,444,445,-1,
441,445,442,-1,
440,446,444,-1,
444,225,445,-1,
444,446,225,-1,
446,226,225,-1,
445,225,224,-1,
445,224,447,-1,
447,224,222,-1,
447,222,209,-1,
447,209,448,-1,
447,442,445,-1,
442,447,229,-1,
229,447,227,-1,
227,447,448,-1,
214,223,216,-1,
224,223,214,-1,
222,224,213,-1,
213,224,214,-1,
210,222,213,-1,
215,210,213,-1,
449,218,220,-1,
220,218,130,-1,
212,210,215,-1,
221,215,218,-1,
218,215,214,-1,
450,212,215,-1,
450,215,221,-1,
126,221,218,-1,
126,218,449,-1,
451,450,221,-1,
126,449,220,-1,
451,221,128,-1,
452,127,318,-1,
139,453,321,-1,
141,454,139,-1,
323,455,141,-1,
323,325,456,-1,
457,458,459,-1,
460,461,462,-1,
462,461,463,-1,
464,465,466,-1,
467,459,468,-1,
467,468,460,-1,
460,468,461,-1,
469,470,471,-1,
331,332,472,-1,
473,474,470,-1,
475,332,334,-1,
476,142,144,-1,
476,144,477,-1,
477,144,150,-1,
478,479,480,-1,
481,482,483,-1,
484,485,486,-1,
487,488,489,-1,
358,490,355,-1,
355,490,491,-1,
358,361,490,-1,
309,492,310,-1,
158,493,157,-1,
158,159,494,-1,
495,496,497,-1,
498,499,500,-1,
501,502,503,-1,
503,502,504,-1,
495,505,496,-1,
159,296,499,-1,
506,507,508,-1,
506,508,501,-1,
294,293,509,-1,
510,511,512,-1,
512,511,513,-1,
293,378,509,-1,
514,378,380,-1,
163,515,380,-1,
516,517,518,-1,
516,518,519,-1,
165,520,163,-1,
383,521,165,-1,
522,517,516,-1,
522,516,523,-1,
524,525,526,-1,
383,387,527,-1,
528,529,530,-1,
530,529,531,-1,
530,531,532,-1,
283,533,281,-1,
534,535,529,-1,
534,529,528,-1,
533,283,536,-1,
283,284,536,-1,
537,538,539,-1,
540,541,542,-1,
285,286,284,-1,
543,544,545,-1,
284,286,546,-1,
393,276,547,-1,
266,548,275,-1,
265,549,266,-1,
396,550,265,-1,
173,551,171,-1,
551,173,552,-1,
173,174,553,-1,
554,555,556,-1,
556,557,558,-1,
559,174,264,-1,
264,262,560,-1,
561,562,563,-1,
563,562,564,-1,
563,564,565,-1,
563,565,566,-1,
566,565,567,-1,
568,569,570,-1,
568,570,571,-1,
572,191,192,-1,
572,192,404,-1,
573,404,257,-1,
573,257,254,-1,
574,575,576,-1,
577,578,579,-1,
580,581,582,-1,
249,583,254,-1,
254,583,584,-1,
583,249,585,-1,
247,586,248,-1,
405,587,247,-1,
587,405,410,-1,
587,410,588,-1,
410,411,588,-1,
589,590,591,-1,
580,582,592,-1,
593,244,594,-1,
242,595,244,-1,
596,597,571,-1,
596,571,598,-1,
241,599,242,-1,
600,601,602,-1,
600,602,603,-1,
604,601,600,-1,
604,600,605,-1,
604,606,601,-1,
607,606,604,-1,
607,604,608,-1,
421,609,234,-1,
203,610,421,-1,
611,612,613,-1,
611,613,614,-1,
614,613,615,-1,
615,613,616,-1,
202,204,617,-1,
618,617,619,-1,
620,621,622,-1,
620,622,623,-1,
623,622,624,-1,
623,624,625,-1,
612,626,613,-1,
617,627,619,-1,
619,627,628,-1,
619,628,621,-1,
427,431,629,-1,
630,631,632,-1,
633,634,635,-1,
636,637,631,-1,
631,637,638,-1,
631,638,632,-1,
632,638,639,-1,
431,437,640,-1,
641,437,228,-1,
641,228,227,-1,
642,227,448,-1,
448,209,643,-1,
644,645,646,-1,
647,648,649,-1,
650,651,652,-1,
643,209,653,-1,
451,128,654,-1,
654,128,655,-1,
656,657,658,-1,
658,657,659,-1,
658,659,660,-1,
661,662,663,-1,
655,664,665,-1,
665,664,666,-1,
665,666,667,-1,
667,666,668,-1,
667,668,669,-1,
669,668,670,-1,
669,670,656,-1,
660,659,671,-1,
660,671,661,-1,
661,671,672,-1,
661,672,662,-1,
655,128,664,-1,
664,128,127,-1,
673,674,662,-1,
664,127,452,-1,
452,675,664,-1,
676,677,668,-1,
671,678,673,-1,
674,673,679,-1,
674,679,680,-1,
681,682,683,-1,
684,685,686,-1,
451,687,450,-1,
688,689,690,-1,
691,690,692,-1,
693,694,695,-1,
696,695,697,-1,
698,697,699,-1,
700,699,701,-1,
702,701,703,-1,
703,701,704,-1,
703,704,685,-1,
685,704,686,-1,
686,704,705,-1,
706,707,708,-1,
706,708,709,-1,
710,711,712,-1,
713,714,710,-1,
699,715,716,-1,
717,718,713,-1,
614,615,717,-1,
717,615,718,-1,
718,615,719,-1,
612,611,720,-1,
612,720,721,-1,
612,721,722,-1,
203,723,610,-1,
724,725,720,-1,
720,725,721,-1,
721,725,726,-1,
727,728,724,-1,
724,728,725,-1,
729,730,731,-1,
732,733,734,-1,
601,597,602,-1,
602,597,596,-1,
602,596,603,-1,
597,735,571,-1,
571,735,736,-1,
736,735,737,-1,
559,738,174,-1,
739,740,737,-1,
737,740,736,-1,
736,740,741,-1,
742,743,739,-1,
740,739,744,-1,
745,746,742,-1,
742,746,743,-1,
743,746,747,-1,
748,749,745,-1,
745,749,750,-1,
751,752,753,-1,
754,755,756,-1,
541,540,757,-1,
541,757,758,-1,
759,760,761,-1,
761,762,763,-1,
763,762,764,-1,
763,764,765,-1,
763,765,766,-1,
766,765,767,-1,
766,767,768,-1,
766,768,769,-1,
769,768,770,-1,
769,770,771,-1,
769,771,772,-1,
772,771,773,-1,
772,773,774,-1,
772,774,775,-1,
775,774,776,-1,
775,776,777,-1,
777,776,778,-1,
777,778,539,-1,
539,778,537,-1,
537,778,779,-1,
779,780,781,-1,
781,780,782,-1,
783,784,785,-1,
783,785,786,-1,
786,785,536,-1,
787,788,789,-1,
787,789,790,-1,
788,791,789,-1,
792,793,794,-1,
795,796,792,-1,
797,798,795,-1,
535,799,797,-1,
797,799,798,-1,
798,799,800,-1,
532,531,525,-1,
525,531,526,-1,
801,802,803,-1,
804,805,806,-1,
807,808,805,-1,
805,808,809,-1,
810,811,807,-1,
812,813,810,-1,
814,815,812,-1,
816,817,814,-1,
814,817,815,-1,
815,817,818,-1,
819,820,816,-1,
816,820,817,-1,
817,820,821,-1,
822,823,819,-1,
820,819,824,-1,
825,826,822,-1,
822,826,823,-1,
823,826,827,-1,
828,829,825,-1,
825,829,826,-1,
830,828,681,-1,
830,681,831,-1,
832,683,833,-1,
679,834,680,-1,
680,834,835,-1,
679,673,836,-1,
836,673,837,-1,
673,678,837,-1,
837,678,838,-1,
838,678,839,-1,
839,678,840,-1,
678,841,840,-1,
840,841,842,-1,
842,841,843,-1,
318,675,452,-1,
318,320,844,-1,
838,845,846,-1,
675,318,844,-1,
666,664,675,-1,
666,675,676,-1,
666,676,668,-1,
668,677,670,-1,
670,677,847,-1,
670,847,656,-1,
656,847,848,-1,
656,848,657,-1,
657,848,841,-1,
657,841,849,-1,
659,849,678,-1,
659,678,671,-1,
672,671,673,-1,
672,673,662,-1,
659,657,849,-1,
654,655,665,-1,
850,669,656,-1,
850,656,658,-1,
851,658,660,-1,
684,661,663,-1,
852,853,854,-1,
451,654,687,-1,
687,654,665,-1,
687,665,855,-1,
855,665,667,-1,
855,667,856,-1,
856,667,857,-1,
857,667,669,-1,
857,669,850,-1,
858,850,658,-1,
858,658,851,-1,
859,851,660,-1,
859,660,860,-1,
860,660,861,-1,
861,660,661,-1,
861,661,684,-1,
684,663,685,-1,
685,663,862,-1,
862,663,863,-1,
862,863,864,-1,
864,863,865,-1,
864,865,866,-1,
864,866,867,-1,
867,866,868,-1,
868,866,869,-1,
868,869,870,-1,
870,869,871,-1,
870,871,872,-1,
870,872,873,-1,
870,873,874,-1,
874,873,875,-1,
874,875,876,-1,
874,876,877,-1,
877,876,878,-1,
878,876,879,-1,
878,879,880,-1,
880,879,881,-1,
881,879,882,-1,
881,882,883,-1,
883,882,884,-1,
883,884,885,-1,
883,885,886,-1,
886,885,887,-1,
886,887,888,-1,
888,887,852,-1,
888,852,854,-1,
212,450,687,-1,
212,687,889,-1,
889,687,890,-1,
649,891,651,-1,
890,892,893,-1,
894,893,895,-1,
894,895,896,-1,
894,896,897,-1,
897,896,898,-1,
899,898,900,-1,
899,900,648,-1,
648,900,891,-1,
648,891,649,-1,
897,898,901,-1,
901,898,899,-1,
901,899,648,-1,
902,889,903,-1,
903,889,890,-1,
889,902,209,-1,
889,209,211,-1,
653,902,903,-1,
653,903,904,-1,
902,653,209,-1,
448,643,653,-1,
647,649,651,-1,
653,642,448,-1,
227,642,905,-1,
906,641,227,-1,
907,437,641,-1,
640,437,907,-1,
431,640,908,-1,
909,427,629,-1,
909,629,910,-1,
909,910,627,-1,
627,910,911,-1,
911,910,912,-1,
911,912,913,-1,
911,913,914,-1,
911,914,915,-1,
915,914,916,-1,
917,916,918,-1,
917,918,636,-1,
917,636,919,-1,
919,636,631,-1,
920,630,632,-1,
920,632,921,-1,
921,632,922,-1,
922,632,923,-1,
923,632,924,-1,
923,924,925,-1,
923,925,926,-1,
926,925,927,-1,
928,929,930,-1,
931,932,933,-1,
931,933,934,-1,
935,934,634,-1,
936,634,633,-1,
204,427,909,-1,
919,631,630,-1,
936,633,937,-1,
628,627,911,-1,
628,911,621,-1,
621,911,622,-1,
622,911,915,-1,
622,915,916,-1,
622,916,917,-1,
938,935,634,-1,
938,634,936,-1,
203,202,617,-1,
939,619,621,-1,
939,621,620,-1,
940,941,942,-1,
943,942,944,-1,
943,944,945,-1,
945,944,946,-1,
947,946,948,-1,
949,950,951,-1,
951,950,952,-1,
951,952,953,-1,
951,953,954,-1,
954,953,955,-1,
955,956,935,-1,
955,935,957,-1,
957,935,938,-1,
957,938,958,-1,
957,958,959,-1,
959,958,960,-1,
959,960,722,-1,
722,960,626,-1,
722,626,612,-1,
609,421,610,-1,
609,961,962,-1,
962,234,609,-1,
235,234,962,-1,
235,962,963,-1,
235,964,236,-1,
965,241,236,-1,
965,236,964,-1,
599,965,964,-1,
603,966,600,-1,
599,967,968,-1,
968,967,242,-1,
969,967,599,-1,
969,599,970,-1,
971,972,973,-1,
974,975,976,-1,
974,976,977,-1,
978,971,979,-1,
594,244,967,-1,
980,981,982,-1,
980,982,983,-1,
411,594,588,-1,
588,594,984,-1,
570,569,571,-1,
985,588,984,-1,
985,984,590,-1,
986,587,588,-1,
986,588,985,-1,
589,985,590,-1,
987,988,989,-1,
990,991,992,-1,
992,991,993,-1,
994,986,985,-1,
586,986,994,-1,
995,586,994,-1,
585,586,995,-1,
996,585,995,-1,
584,585,996,-1,
585,584,583,-1,
997,579,998,-1,
999,1000,992,-1,
1001,1002,1003,-1,
1004,581,580,-1,
584,573,254,-1,
404,573,1005,-1,
1006,572,404,-1,
1007,191,572,-1,
261,191,1007,-1,
560,262,261,-1,
1008,1009,569,-1,
738,559,264,-1,
756,560,1010,-1,
756,1010,754,-1,
754,1010,1011,-1,
1011,1010,1012,-1,
1011,1012,1013,-1,
1011,1013,1014,-1,
1014,1013,1015,-1,
1015,1016,1017,-1,
1017,1016,1018,-1,
1018,1016,561,-1,
1018,561,563,-1,
1019,563,566,-1,
1019,566,1020,-1,
1020,566,1021,-1,
1021,566,1022,-1,
1022,1023,1024,-1,
1025,1026,1027,-1,
1027,1026,1028,-1,
1029,1030,1031,-1,
1031,1030,1032,-1,
1032,1030,1033,-1,
1034,1033,1035,-1,
1034,1035,1036,-1,
1034,1036,1037,-1,
1038,1039,1040,-1,
741,1008,569,-1,
741,569,568,-1,
741,568,736,-1,
736,568,571,-1,
553,174,738,-1,
553,738,756,-1,
552,173,553,-1,
552,553,1041,-1,
552,1041,1042,-1,
1043,552,1042,-1,
171,551,1044,-1,
171,1044,398,-1,
550,396,398,-1,
398,1044,550,-1,
549,265,550,-1,
548,266,549,-1,
276,275,548,-1,
547,276,548,-1,
547,548,549,-1,
1045,547,549,-1,
1046,1047,547,-1,
1046,547,1048,-1,
1049,1047,1046,-1,
1050,1049,1046,-1,
546,286,1049,-1,
546,1049,1050,-1,
1051,546,1050,-1,
786,284,546,-1,
786,546,1051,-1,
786,1051,783,-1,
783,1051,1050,-1,
783,1050,784,-1,
784,1050,1052,-1,
784,1052,1053,-1,
1053,1052,543,-1,
1053,543,1054,-1,
1054,543,1055,-1,
1055,543,545,-1,
1056,545,1057,-1,
1058,1059,1060,-1,
1058,1060,782,-1,
782,1060,781,-1,
781,1060,1061,-1,
781,1061,779,-1,
779,1061,1062,-1,
779,1062,537,-1,
537,1062,1063,-1,
537,1063,538,-1,
539,1063,1064,-1,
539,1064,777,-1,
777,1064,1065,-1,
777,1065,1066,-1,
777,1066,775,-1,
775,1066,1067,-1,
775,1067,772,-1,
772,1067,1068,-1,
772,1068,1069,-1,
772,1069,769,-1,
769,1069,1070,-1,
769,1070,1071,-1,
769,1071,766,-1,
766,1071,1072,-1,
766,1072,1073,-1,
766,1073,763,-1,
763,1073,1074,-1,
763,1074,1075,-1,
763,1075,761,-1,
761,1075,1076,-1,
761,1076,759,-1,
759,1076,760,-1,
760,1076,1077,-1,
760,1077,758,-1,
758,1077,556,-1,
541,556,558,-1,
541,558,542,-1,
536,284,786,-1,
1078,1055,545,-1,
1078,545,1056,-1,
1079,1056,1057,-1,
1079,1057,1080,-1,
1080,1057,1059,-1,
1080,1059,1058,-1,
538,1063,539,-1,
758,556,541,-1,
1081,533,536,-1,
1081,536,1082,-1,
1082,536,785,-1,
1082,785,790,-1,
790,785,784,-1,
790,784,787,-1,
787,784,1053,-1,
787,1053,1054,-1,
787,1054,788,-1,
788,1054,1055,-1,
788,1055,1083,-1,
1083,1055,1078,-1,
1083,1078,1056,-1,
1083,1056,1084,-1,
1084,1056,1079,-1,
1084,1079,1080,-1,
1084,1080,1085,-1,
1085,1080,1058,-1,
1085,1058,1086,-1,
1086,1058,782,-1,
1086,782,780,-1,
1086,780,1087,-1,
1087,780,779,-1,
1087,779,1088,-1,
1088,779,778,-1,
1088,778,1089,-1,
1089,778,776,-1,
1089,776,1090,-1,
1090,776,774,-1,
1091,762,761,-1,
1091,761,1092,-1,
1092,761,760,-1,
1092,760,758,-1,
1092,758,1093,-1,
1093,758,757,-1,
1093,757,1094,-1,
1094,757,540,-1,
1095,1096,534,-1,
1095,534,528,-1,
1097,1081,1082,-1,
1098,1081,1097,-1,
1099,1100,1101,-1,
1095,530,532,-1,
1102,1103,532,-1,
1104,1098,1097,-1,
288,1098,387,-1,
387,1098,1104,-1,
527,387,1104,-1,
527,1104,1105,-1,
521,383,527,-1,
527,1105,521,-1,
520,165,521,-1,
515,163,520,-1,
514,380,515,-1,
509,378,514,-1,
1106,294,509,-1,
1106,509,1107,-1,
1106,1107,1108,-1,
1108,1107,511,-1,
1108,511,510,-1,
508,510,512,-1,
508,512,1109,-1,
1109,512,1110,-1,
296,294,1106,-1,
296,1106,500,-1,
500,1106,1108,-1,
500,1108,507,-1,
507,1108,510,-1,
507,510,508,-1,
502,508,1109,-1,
502,1109,1110,-1,
1111,498,500,-1,
1111,500,507,-1,
1111,507,1112,-1,
1112,507,506,-1,
1112,506,1113,-1,
1113,506,501,-1,
1113,501,503,-1,
503,504,1114,-1,
1114,504,505,-1,
1114,505,1115,-1,
1115,505,495,-1,
1116,495,497,-1,
494,159,499,-1,
494,499,1117,-1,
1117,499,498,-1,
1117,498,1111,-1,
1115,495,1116,-1,
1118,1113,503,-1,
1118,503,1119,-1,
1119,503,1114,-1,
1116,497,1120,-1,
493,158,494,-1,
493,494,1121,-1,
493,1121,157,-1,
157,1121,1122,-1,
1123,298,157,-1,
157,1122,1123,-1,
299,298,1123,-1,
299,1123,1124,-1,
1125,363,299,-1,
299,1126,1125,-1,
309,363,1125,-1,
309,1125,1126,-1,
492,309,1127,-1,
1127,309,1126,-1,
1128,492,1129,-1,
1129,492,1127,-1,
492,1128,359,-1,
1130,359,1128,-1,
1130,1128,1129,-1,
1130,1129,1131,-1,
1132,1133,1134,-1,
1135,1136,1137,-1,
1135,1137,1138,-1,
1138,1133,1132,-1,
1139,1140,1141,-1,
1141,1140,1142,-1,
1143,1144,1145,-1,
1143,1145,1146,-1,
1147,1148,488,-1,
1149,1130,1150,-1,
1151,1132,1152,-1,
1153,1154,1155,-1,
1156,1157,1135,-1,
1156,1135,1158,-1,
1159,1152,1160,-1,
1159,1160,1161,-1,
361,1150,1157,-1,
1156,1158,1162,-1,
1162,1158,1163,-1,
1164,1163,1152,-1,
1164,1152,1165,-1,
1165,1152,1159,-1,
1166,1159,1161,-1,
1167,1168,1169,-1,
490,361,1157,-1,
490,1157,1156,-1,
1162,1163,1164,-1,
1170,1161,1171,-1,
1170,1171,1172,-1,
1170,1172,1173,-1,
1173,1172,1174,-1,
1174,1175,1176,-1,
1177,1176,1178,-1,
1177,1178,1179,-1,
1179,1178,1168,-1,
491,490,1156,-1,
491,1156,1180,-1,
1180,1156,1162,-1,
1180,1162,1181,-1,
1159,1166,1182,-1,
1182,1166,1161,-1,
1182,1161,1170,-1,
1183,1173,1174,-1,
1183,1174,486,-1,
486,1174,1176,-1,
486,1176,1184,-1,
1184,1176,1177,-1,
1181,1162,1185,-1,
1185,1162,1164,-1,
1186,1165,1159,-1,
1186,1159,1182,-1,
1187,1182,1170,-1,
1187,1170,1188,-1,
1188,1170,1189,-1,
1189,1170,1173,-1,
1189,1173,485,-1,
485,1173,1183,-1,
485,1183,486,-1,
1185,1164,1190,-1,
1190,1164,1165,-1,
1190,1165,1186,-1,
1186,1182,1187,-1,
1188,1189,485,-1,
1191,491,1180,-1,
1192,154,491,-1,
1192,491,1191,-1,
150,154,1192,-1,
1193,1192,1191,-1,
1193,1191,479,-1,
1192,1193,150,-1,
477,150,1193,-1,
1194,483,1188,-1,
1194,1188,485,-1,
484,486,1184,-1,
1195,1155,488,-1,
1196,488,487,-1,
1197,477,1193,-1,
1198,142,476,-1,
334,142,1198,-1,
1199,1200,1201,-1,
1202,1203,1204,-1,
334,1205,475,-1,
475,472,332,-1,
329,331,1206,-1,
1206,331,472,-1,
1206,472,474,-1,
1206,474,473,-1,
468,473,470,-1,
468,470,469,-1,
469,471,1207,-1,
458,327,329,-1,
459,1206,473,-1,
459,473,468,-1,
461,469,1207,-1,
463,1207,1208,-1,
325,327,458,-1,
467,457,459,-1,
1209,467,460,-1,
1210,462,463,-1,
1210,463,1211,-1,
1211,463,465,-1,
1211,465,464,-1,
1212,325,458,-1,
1212,458,457,-1,
1212,457,467,-1,
1213,1211,464,-1,
1213,464,1214,-1,
456,325,1212,-1,
1215,1212,467,-1,
1215,467,1216,-1,
1216,467,1209,-1,
1209,460,1217,-1,
1217,460,462,-1,
1217,462,1210,-1,
1218,1210,1211,-1,
1219,1213,1214,-1,
1219,1214,1220,-1,
1220,1214,1221,-1,
1222,323,456,-1,
455,323,1222,-1,
1223,141,455,-1,
454,141,1223,-1,
453,139,454,-1,
453,454,1224,-1,
320,321,453,-1,
320,453,1224,-1,
1225,844,1224,-1,
1224,844,320,-1,
1226,844,1225,-1,
675,844,1226,-1,
154,312,491,-1,
312,355,491,-1,
357,1149,361,-1,
361,1149,1150,-1,
357,359,1149,-1,
1149,359,1130,-1,
310,492,359,-1,
287,1081,288,-1,
288,1081,1098,-1,
287,281,1081,-1,
281,533,1081,-1,
392,1049,286,-1,
392,393,1049,-1,
1049,393,1047,-1,
1047,393,547,-1,
248,586,249,-1,
249,586,585,-1,
247,587,586,-1,
586,587,986,-1,
244,593,411,-1,
411,593,594,-1,
244,595,967,-1,
595,242,967,-1,
968,242,599,-1,
599,241,965,-1,
211,212,889,-1,
890,687,892,-1,
892,687,855,-1,
709,858,851,-1,
709,851,706,-1,
706,851,859,-1,
706,859,707,-1,
707,859,860,-1,
707,860,861,-1,
707,861,684,-1,
1227,888,854,-1,
1227,854,1228,-1,
904,903,893,-1,
893,903,890,-1,
644,653,904,-1,
1229,642,653,-1,
1229,653,644,-1,
1230,905,642,-1,
1230,642,1229,-1,
1231,906,905,-1,
905,906,227,-1,
1231,905,1230,-1,
906,907,641,-1,
907,906,1231,-1,
1232,908,907,-1,
907,908,640,-1,
910,629,908,-1,
908,629,431,-1,
910,908,1232,-1,
627,617,909,-1,
909,617,204,-1,
617,723,203,-1,
723,617,618,-1,
1233,610,723,-1,
1233,609,610,-1,
609,1233,1234,-1,
609,1234,961,-1,
961,1234,962,-1,
962,1234,1235,-1,
962,1235,1236,-1,
962,1236,963,-1,
235,963,964,-1,
964,963,1236,-1,
964,1236,1237,-1,
970,599,964,-1,
1238,594,969,-1,
969,594,967,-1,
590,984,1238,-1,
1238,984,594,-1,
994,985,589,-1,
1239,589,591,-1,
1239,591,1240,-1,
1241,996,995,-1,
574,584,996,-1,
1242,573,584,-1,
1242,584,574,-1,
1243,1005,573,-1,
1243,573,1242,-1,
1244,1006,1005,-1,
1005,1006,404,-1,
1244,1005,1243,-1,
1006,1007,572,-1,
1007,1006,1244,-1,
1245,1246,1007,-1,
1007,1246,261,-1,
1010,560,1246,-1,
1246,560,261,-1,
1010,1246,1245,-1,
560,738,264,-1,
738,560,756,-1,
558,557,752,-1,
558,752,542,-1,
1075,1247,1076,-1,
1248,551,552,-1,
551,1248,1044,-1,
1044,1248,1249,-1,
1044,1249,1250,-1,
1044,1250,550,-1,
550,1250,1251,-1,
549,550,1251,-1,
549,1251,1252,-1,
1064,1253,1065,-1,
549,1252,1045,-1,
1048,547,1045,-1,
1254,1104,1255,-1,
1255,1104,1097,-1,
1105,1104,1254,-1,
1256,1105,1257,-1,
1105,1256,1258,-1,
1105,1258,521,-1,
521,1258,520,-1,
520,1258,1259,-1,
520,1259,515,-1,
515,1259,1260,-1,
515,1260,1261,-1,
515,1261,514,-1,
514,1261,1262,-1,
514,1262,1263,-1,
1107,509,1263,-1,
1263,509,514,-1,
500,499,296,-1,
1264,1265,1266,-1,
1267,494,1117,-1,
494,1267,1121,-1,
1122,1268,1123,-1,
299,1124,1126,-1,
1126,1124,1123,-1,
1126,1123,1269,-1,
1131,1129,1127,-1,
1136,1130,1131,-1,
1270,1150,1136,-1,
1136,1150,1130,-1,
1270,1157,1150,-1,
1181,1191,1180,-1,
478,1193,479,-1,
1271,1197,1193,-1,
1271,1193,478,-1,
1272,1197,1271,-1,
1272,476,1197,-1,
1197,476,477,-1,
1273,1198,476,-1,
1273,476,1272,-1,
1198,1205,334,-1,
1205,1198,1273,-1,
474,1274,1275,-1,
474,1275,470,-1,
1207,471,1276,-1,
1207,1276,1208,-1,
1208,1277,466,-1,
464,466,1278,-1,
464,1278,1214,-1,
1214,1279,1221,-1,
474,472,475,-1,
474,475,1274,-1,
1274,475,1205,-1,
459,458,1206,-1,
1206,458,329,-1,
1280,1222,1212,-1,
1212,1222,456,-1,
1222,1280,455,-1,
455,1280,1281,-1,
455,1281,1282,-1,
455,1282,1223,-1,
1223,1282,1283,-1,
1223,1283,1284,-1,
454,1223,1284,-1,
454,1284,1285,-1,
1286,1287,840,-1,
454,1288,1224,-1,
1225,1224,1288,-1,
676,675,1226,-1,
676,1226,1225,-1,
893,892,855,-1,
645,904,894,-1,
894,904,893,-1,
645,644,904,-1,
1289,1230,1229,-1,
1290,1231,1230,-1,
1290,1230,1289,-1,
1290,907,1231,-1,
1291,1232,907,-1,
1291,907,1290,-1,
910,1232,1291,-1,
1292,1233,723,-1,
1235,1293,1236,-1,
1236,1293,1294,-1,
1236,1294,1237,-1,
1295,964,1237,-1,
1295,970,964,-1,
976,1296,1297,-1,
1298,969,970,-1,
1299,969,1298,-1,
1299,1238,969,-1,
989,1300,990,-1,
993,991,1002,-1,
1301,994,589,-1,
1301,995,994,-1,
1301,1241,995,-1,
575,996,1241,-1,
575,574,996,-1,
1302,1243,1242,-1,
1303,1244,1243,-1,
1303,1243,1302,-1,
1303,1007,1244,-1,
1304,1245,1007,-1,
1304,1007,1303,-1,
1010,1245,1304,-1,
1041,553,756,-1,
1043,1248,552,-1,
1249,1248,1250,-1,
1250,1305,1251,-1,
1251,1305,1252,-1,
1045,1252,1306,-1,
1307,1045,1306,-1,
1307,1048,1045,-1,
1308,1046,1048,-1,
1052,1050,1308,-1,
1308,1050,1046,-1,
1082,790,789,-1,
1309,1093,1094,-1,
789,1097,1082,-1,
1310,1255,789,-1,
789,1255,1097,-1,
1310,1254,1255,-1,
1257,1105,1254,-1,
1311,1256,1257,-1,
1256,1311,1258,-1,
1258,1311,1259,-1,
1263,1262,1312,-1,
1313,1263,1312,-1,
511,1107,1263,-1,
511,1263,1313,-1,
1122,1121,1268,-1,
1268,1314,1123,-1,
1123,1314,1315,-1,
1123,1315,1269,-1,
1126,1269,1127,-1,
1127,1269,1316,-1,
1316,1131,1127,-1,
1133,1317,1134,-1,
1144,1318,1145,-1,
1135,1270,1136,-1,
1135,1157,1270,-1,
1190,1191,1185,-1,
1185,1191,1181,-1,
1190,479,1191,-1,
1319,1272,1271,-1,
1320,1273,1272,-1,
1320,1272,1319,-1,
1274,1205,1273,-1,
1274,1273,1320,-1,
1275,1321,1322,-1,
1322,1321,1323,-1,
1324,1325,1326,-1,
1324,1326,1203,-1,
1215,1280,1212,-1,
1281,1280,1282,-1,
454,1285,1288,-1,
1288,1285,1327,-1,
1327,1225,1288,-1,
1328,1225,1327,-1,
676,1225,1328,-1,
895,893,855,-1,
895,855,856,-1,
646,645,894,-1,
1329,1229,644,-1,
1329,644,646,-1,
1330,1289,1229,-1,
1330,1229,1329,-1,
1331,1290,1289,-1,
1331,1289,1330,-1,
1332,1290,1331,-1,
1291,1290,1332,-1,
912,910,1291,-1,
1333,723,618,-1,
1333,618,619,-1,
1333,1292,723,-1,
1334,1233,1292,-1,
1233,1334,1335,-1,
1233,1335,1234,-1,
1234,1335,1336,-1,
1234,1336,1293,-1,
1234,1293,1235,-1,
1337,1338,604,-1,
1294,1339,1237,-1,
1298,970,1295,-1,
1340,1299,1298,-1,
1341,1238,1340,-1,
1340,1238,1299,-1,
591,590,1341,-1,
1341,590,1238,-1,
1301,589,1239,-1,
1342,1239,1240,-1,
1342,1240,1343,-1,
575,1241,1239,-1,
1239,1241,1301,-1,
1344,1242,574,-1,
1344,574,576,-1,
1345,1302,1242,-1,
1345,1242,1344,-1,
1346,1303,1302,-1,
1346,1302,1345,-1,
1347,1303,1346,-1,
1304,1303,1347,-1,
1012,1010,1304,-1,
1348,756,755,-1,
1042,1041,1348,-1,
1348,1041,756,-1,
1247,1349,1076,-1,
1350,1043,1042,-1,
1350,1248,1043,-1,
1248,1350,1351,-1,
1248,1351,1352,-1,
1248,1352,1250,-1,
1250,1352,1305,-1,
1252,1305,1353,-1,
1253,1354,1065,-1,
1252,1353,1306,-1,
1308,1048,1307,-1,
543,1052,1308,-1,
1355,1310,789,-1,
1356,1254,1310,-1,
1311,1257,1356,-1,
1356,1257,1254,-1,
1357,1311,1358,-1,
1311,1357,1259,-1,
1259,1357,1359,-1,
1259,1359,1360,-1,
1259,1360,1260,-1,
1260,1360,1361,-1,
1260,1361,1262,-1,
1260,1262,1261,-1,
1262,1362,1313,-1,
1262,1313,1312,-1,
1363,1117,1111,-1,
1363,1267,1117,-1,
1267,1363,1121,-1,
1121,1363,1364,-1,
1121,1364,1365,-1,
1121,1365,1268,-1,
1268,1365,1314,-1,
1315,1314,1269,-1,
1269,1314,1366,-1,
1367,1269,1366,-1,
1316,1269,1368,-1,
1131,1316,1137,-1,
1137,1316,1368,-1,
1137,1368,1369,-1,
1369,1368,1370,-1,
1371,1372,1373,-1,
1373,1372,1374,-1,
1373,1374,1375,-1,
1373,1375,1376,-1,
1376,1375,1377,-1,
1377,1375,1378,-1,
1377,1378,1379,-1,
1379,1378,1380,-1,
1137,1136,1131,-1,
1158,1135,1151,-1,
480,479,1381,-1,
1381,479,1190,-1,
1382,1271,478,-1,
1382,478,480,-1,
1383,1319,1271,-1,
1383,1271,1382,-1,
1384,1320,1319,-1,
1384,1319,1383,-1,
1275,1274,1320,-1,
1275,1320,1384,-1,
1208,1276,1277,-1,
1385,1280,1215,-1,
1280,1385,1386,-1,
1280,1386,1387,-1,
1280,1387,1282,-1,
1282,1387,1283,-1,
1284,1283,1285,-1,
1285,1283,1388,-1,
1287,1389,840,-1,
1327,1285,1390,-1,
1328,1327,1390,-1,
677,676,1328,-1,
895,856,857,-1,
689,688,1228,-1,
901,646,897,-1,
897,646,894,-1,
901,1329,646,-1,
1391,1330,1329,-1,
1391,1329,901,-1,
1392,1331,1330,-1,
1392,1330,1391,-1,
1332,1331,1392,-1,
1393,1291,1332,-1,
913,912,1291,-1,
913,1291,1393,-1,
939,1333,619,-1,
1293,1336,1394,-1,
1293,1394,1395,-1,
1293,1395,1294,-1,
1294,1395,1396,-1,
1396,1339,1294,-1,
1237,1339,1397,-1,
1237,1397,1295,-1,
1398,1295,1397,-1,
1399,1298,1398,-1,
1398,1298,1295,-1,
1399,1340,1298,-1,
1240,591,1400,-1,
1400,591,1341,-1,
991,1401,1002,-1,
1002,1401,1003,-1,
1402,1239,1342,-1,
1403,575,1402,-1,
1402,575,1239,-1,
577,576,1403,-1,
1403,576,575,-1,
1344,576,577,-1,
1404,1345,1344,-1,
1405,1346,1345,-1,
1405,1345,1404,-1,
1347,1346,1405,-1,
1406,1304,1347,-1,
1013,1012,1304,-1,
1013,1304,1406,-1,
755,754,1011,-1,
1407,1042,1348,-1,
1350,1042,1407,-1,
1352,1351,1408,-1,
1352,1408,1305,-1,
1305,1408,1409,-1,
1305,1409,1410,-1,
1305,1410,1353,-1,
1306,1353,1411,-1,
1306,1411,1307,-1,
1412,1307,1411,-1,
544,1308,1412,-1,
1412,1308,1307,-1,
544,543,1308,-1,
791,1355,789,-1,
1413,1310,1355,-1,
1413,1356,1310,-1,
1358,1311,1356,-1,
1099,1357,1358,-1,
1357,1360,1359,-1,
1360,1414,1361,-1,
1361,1414,1262,-1,
1262,1414,1415,-1,
1262,1415,1362,-1,
1313,1362,1416,-1,
513,511,1416,-1,
1416,511,1313,-1,
1363,1111,1112,-1,
1417,1114,1115,-1,
1418,1115,1116,-1,
1418,1116,1120,-1,
1365,1364,1419,-1,
1365,1419,1314,-1,
1314,1419,1420,-1,
1314,1420,1366,-1,
1420,1367,1366,-1,
1269,1367,1368,-1,
1138,1137,1369,-1,
1138,1151,1135,-1,
1163,1158,1151,-1,
1186,1381,1190,-1,
481,480,1186,-1,
1186,480,1381,-1,
1382,480,481,-1,
1421,1383,1382,-1,
1422,1384,1383,-1,
1422,1383,1421,-1,
1321,1275,1384,-1,
1321,1384,1422,-1,
1215,1216,1209,-1,
1218,1211,1213,-1,
1423,1220,1221,-1,
1424,1385,1215,-1,
1386,1385,1387,-1,
1387,1385,1425,-1,
1387,1425,1283,-1,
1283,1425,1426,-1,
1283,1426,1427,-1,
1283,1427,1388,-1,
1285,1388,1390,-1,
677,1328,1390,-1,
1428,895,857,-1,
896,895,1428,-1,
1429,901,648,-1,
1430,1391,901,-1,
1430,901,1429,-1,
1431,1392,1391,-1,
1431,1391,1430,-1,
1431,1332,1392,-1,
1432,1393,1332,-1,
1432,1332,1431,-1,
914,913,1393,-1,
914,1393,1432,-1,
1433,1292,1333,-1,
1433,1334,1292,-1,
1335,1334,1336,-1,
1394,1336,1395,-1,
1434,1339,1396,-1,
1339,1434,1397,-1,
1397,1434,1398,-1,
1435,1399,1398,-1,
975,1340,1435,-1,
1435,1340,1399,-1,
1400,1341,975,-1,
975,1341,1340,-1,
1436,1342,1343,-1,
1436,1343,987,-1,
1437,1402,1436,-1,
1436,1402,1342,-1,
578,1403,1437,-1,
1437,1403,1402,-1,
578,577,1403,-1,
1438,1344,577,-1,
1439,1404,1344,-1,
1439,1344,1438,-1,
1440,1405,1404,-1,
1440,1404,1439,-1,
1440,1347,1405,-1,
1441,1406,1347,-1,
1441,1347,1440,-1,
1013,1406,1441,-1,
1442,755,1011,-1,
1443,1348,1442,-1,
1442,1348,755,-1,
1443,1407,1348,-1,
1350,1407,1444,-1,
1445,1446,1247,-1,
1247,1446,1447,-1,
1247,1447,1448,-1,
1247,1448,1349,-1,
1349,1449,1076,-1,
1351,1350,1444,-1,
1411,1353,1409,-1,
1409,1353,1410,-1,
1450,1412,1411,-1,
1451,544,1412,-1,
545,544,1451,-1,
1100,1355,1452,-1,
1452,1355,791,-1,
1100,1413,1355,-1,
1099,1356,1100,-1,
1100,1356,1413,-1,
1099,1358,1356,-1,
1453,1357,1454,-1,
1454,1357,1099,-1,
1357,1453,1360,-1,
1360,1453,1414,-1,
1414,1455,1415,-1,
1415,1455,1362,-1,
1363,1112,1456,-1,
1456,1112,1457,-1,
1364,1363,1456,-1,
1458,1367,1459,-1,
1459,1367,1420,-1,
1367,1458,1368,-1,
1368,1458,1460,-1,
1368,1460,1370,-1,
1132,1151,1138,-1,
1152,1163,1151,-1,
482,481,1186,-1,
1461,1382,481,-1,
1462,1421,1382,-1,
1462,1382,1461,-1,
1463,1422,1421,-1,
1463,1421,1462,-1,
1321,1422,1463,-1,
470,1275,1322,-1,
470,1322,471,-1,
466,1464,1278,-1,
1278,1279,1214,-1,
1279,1465,1221,-1,
1221,1465,1466,-1,
1221,1466,1467,-1,
1221,1467,1468,-1,
1468,1467,1469,-1,
831,1470,1471,-1,
461,468,469,-1,
1215,1209,1424,-1,
1424,1209,1472,-1,
1473,1474,1475,-1,
1287,1388,1426,-1,
1426,1388,1427,-1,
1388,1287,1390,-1,
1390,1287,1286,-1,
1390,1286,1476,-1,
843,1390,1476,-1,
847,677,1390,-1,
847,1390,843,-1,
1477,1428,857,-1,
1477,857,850,-1,
1477,896,1428,-1,
898,896,1477,-1,
1478,1430,1429,-1,
1479,1431,1430,-1,
1479,1430,1478,-1,
1480,1431,1479,-1,
1481,1432,1431,-1,
1481,1431,1480,-1,
914,1432,1481,-1,
1482,939,620,-1,
1333,939,1433,-1,
1433,939,1482,-1,
1483,729,732,-1,
1484,1334,1433,-1,
1334,1484,1336,-1,
1336,1484,1485,-1,
1336,1485,1486,-1,
1336,1486,1395,-1,
1395,1486,1396,-1,
1396,1486,1487,-1,
1396,1487,1434,-1,
1488,1434,1487,-1,
1398,1434,1489,-1,
1490,1398,1489,-1,
1490,1435,1398,-1,
976,975,1435,-1,
974,1400,975,-1,
1343,1240,981,-1,
981,1240,1400,-1,
988,1300,989,-1,
1300,1491,990,-1,
990,1491,991,-1,
987,1437,1436,-1,
579,578,1437,-1,
1438,577,579,-1,
1492,1439,1438,-1,
1493,1440,1439,-1,
1493,1439,1492,-1,
1494,1440,1493,-1,
1495,1441,1440,-1,
1495,1440,1494,-1,
1015,1013,1441,-1,
1015,1441,1495,-1,
1442,1011,1014,-1,
1496,1407,1443,-1,
1496,1444,1407,-1,
1497,1351,1444,-1,
1351,1497,1408,-1,
1408,1497,1498,-1,
1408,1498,1499,-1,
1408,1499,1409,-1,
1500,1411,1409,-1,
1450,1411,1501,-1,
1501,1412,1450,-1,
1501,1451,1412,-1,
1452,791,788,-1,
1452,788,1083,-1,
1454,1099,1101,-1,
1502,1453,1454,-1,
1453,1503,1414,-1,
1414,1503,1504,-1,
1414,1504,1455,-1,
1455,1504,1505,-1,
1455,1505,1362,-1,
1362,1505,1416,-1,
1416,1505,513,-1,
1506,512,513,-1,
502,501,508,-1,
1417,1115,1418,-1,
1457,1364,1456,-1,
1364,1457,1419,-1,
1419,1457,1507,-1,
1419,1507,1420,-1,
1420,1507,1508,-1,
1420,1508,1459,-1,
1369,1370,1133,-1,
1509,1510,1511,-1,
1512,1513,813,-1,
813,1513,810,-1,
1133,1370,1460,-1,
1133,1138,1369,-1,
483,482,1187,-1,
1187,482,1186,-1,
1461,481,483,-1,
1514,1462,1461,-1,
1515,1463,1462,-1,
1515,1462,1514,-1,
1323,1321,1463,-1,
1323,1463,1515,-1,
1516,1203,1202,-1,
1213,1219,1220,-1,
1423,1221,1468,-1,
1472,1385,1424,-1,
1385,1472,1425,-1,
1425,1472,1517,-1,
1425,1517,1518,-1,
1425,1518,1426,-1,
848,847,843,-1,
1519,1477,850,-1,
1519,850,858,-1,
1520,1477,709,-1,
1520,709,708,-1,
647,1429,648,-1,
1521,1478,1429,-1,
1521,1429,647,-1,
1479,1478,1521,-1,
1522,1480,1479,-1,
1481,1480,1522,-1,
916,914,1481,-1,
1523,1482,620,-1,
1523,620,623,-1,
1524,1433,1482,-1,
1484,1433,1524,-1,
1484,1525,1485,-1,
1485,1525,1486,-1,
1487,1486,1488,-1,
1434,1488,1490,-1,
1434,1490,1489,-1,
1526,1435,1490,-1,
976,1435,1526,-1,
981,1400,977,-1,
977,1400,974,-1,
987,1343,981,-1,
1527,1437,989,-1,
989,1437,987,-1,
998,579,1527,-1,
1527,579,1437,-1,
997,1438,579,-1,
1528,1492,1438,-1,
1528,1438,997,-1,
1493,1492,1528,-1,
1529,1494,1493,-1,
1495,1494,1529,-1,
1016,1015,1495,-1,
1530,1014,1015,-1,
1442,1014,1530,-1,
1530,1017,1018,-1,
1531,1443,1442,-1,
1532,1496,1443,-1,
1497,1444,1496,-1,
1499,1498,1533,-1,
1499,1533,1409,-1,
1409,1533,1534,-1,
1409,1534,1535,-1,
1409,1535,1500,-1,
1411,1500,1536,-1,
1411,1536,1501,-1,
1537,1451,1501,-1,
1057,545,1537,-1,
1537,545,1451,-1,
1538,1452,1083,-1,
1452,1538,1539,-1,
800,799,534,-1,
534,799,535,-1,
1539,1100,1452,-1,
1101,1100,1539,-1,
1540,1453,1502,-1,
1453,1540,1503,-1,
1503,1540,1504,-1,
1505,1506,513,-1,
1110,512,1541,-1,
1541,512,1506,-1,
1112,1113,1457,-1,
1457,1113,1542,-1,
1542,1113,1118,-1,
1459,1543,1458,-1,
1372,1458,1543,-1,
1371,1460,1372,-1,
1372,1460,1458,-1,
1133,1460,1371,-1,
1544,1152,1134,-1,
1134,1152,1132,-1,
1160,1152,1544,-1,
1188,483,1187,-1,
1194,1461,483,-1,
1545,1514,1461,-1,
1545,1461,1194,-1,
1515,1514,1545,-1,
1546,1323,1515,-1,
1322,1323,471,-1,
471,1323,1276,-1,
1276,1547,1277,-1,
1277,1547,466,-1,
466,1547,1464,-1,
1276,1323,1546,-1,
463,461,1207,-1,
1209,1217,1472,-1,
1472,1217,1548,-1,
1518,1517,1426,-1,
1426,1517,1549,-1,
1426,1549,1389,-1,
1426,1389,1287,-1,
840,1476,1286,-1,
842,843,1476,-1,
841,848,843,-1,
849,841,678,-1,
1519,858,709,-1,
705,707,684,-1,
705,684,686,-1,
703,685,862,-1,
703,862,864,-1,
703,864,702,-1,
702,864,701,-1,
701,864,867,-1,
701,867,700,-1,
700,867,699,-1,
699,867,868,-1,
699,868,870,-1,
699,870,698,-1,
698,870,697,-1,
697,870,874,-1,
697,874,696,-1,
696,874,695,-1,
695,874,877,-1,
695,877,693,-1,
693,877,694,-1,
694,877,878,-1,
694,878,880,-1,
694,880,1550,-1,
1550,880,692,-1,
692,880,881,-1,
692,881,883,-1,
692,883,691,-1,
691,883,886,-1,
691,886,690,-1,
690,886,688,-1,
688,886,888,-1,
688,888,1227,-1,
688,1227,1228,-1,
1477,1519,709,-1,
1551,705,704,-1,
1552,704,701,-1,
1552,701,1553,-1,
716,701,699,-1,
1554,699,697,-1,
1555,697,695,-1,
1556,695,694,-1,
1556,694,1557,-1,
1558,694,1550,-1,
1559,1550,692,-1,
1559,692,1560,-1,
1560,692,690,-1,
1561,690,1562,-1,
1562,690,689,-1,
1563,689,1228,-1,
1477,1520,900,-1,
1477,900,898,-1,
900,1520,891,-1,
891,652,651,-1,
1564,1565,1566,-1,
634,1567,635,-1,
633,1568,937,-1,
937,1569,616,-1,
1570,647,1571,-1,
1571,647,651,-1,
1571,651,1572,-1,
1572,651,1573,-1,
1573,651,650,-1,
1573,650,1574,-1,
1574,650,1575,-1,
1575,650,1576,-1,
1575,1576,1566,-1,
1566,1576,1564,-1,
1521,647,1577,-1,
1577,647,1570,-1,
1577,1570,1571,-1,
1578,1575,1566,-1,
1578,1566,1579,-1,
1579,1566,1580,-1,
1580,1566,1581,-1,
1582,1577,1571,-1,
1582,1571,1572,-1,
1582,1572,1583,-1,
1583,1572,1573,-1,
1583,1573,1574,-1,
1583,1574,1584,-1,
1584,1574,1575,-1,
1584,1575,1585,-1,
1585,1575,1578,-1,
1586,1579,1580,-1,
1586,1580,1587,-1,
1587,1580,1588,-1,
1587,1588,1589,-1,
1479,1521,1590,-1,
1590,1521,1577,-1,
1590,1577,1582,-1,
1585,1578,1591,-1,
1591,1578,1579,-1,
1591,1579,1592,-1,
1592,1579,1586,-1,
1593,1587,1589,-1,
1593,1589,1594,-1,
1594,1589,1595,-1,
1594,1595,1596,-1,
1597,1590,1582,-1,
1597,1582,1598,-1,
1598,1582,1599,-1,
1599,1582,1583,-1,
1599,1583,1600,-1,
1600,1583,1584,-1,
1600,1584,1585,-1,
1592,1586,1601,-1,
1601,1586,1587,-1,
1601,1587,1602,-1,
1602,1587,1593,-1,
1603,1594,1596,-1,
1603,1596,1604,-1,
1604,1596,1605,-1,
1604,1605,1606,-1,
1522,1479,1590,-1,
1607,1600,1585,-1,
1607,1585,1608,-1,
1608,1585,1591,-1,
1608,1591,1592,-1,
1602,1593,1609,-1,
1609,1593,1594,-1,
1609,1594,1610,-1,
1610,1594,1603,-1,
1611,1604,1606,-1,
1611,1606,1612,-1,
1612,1606,1613,-1,
1612,1613,1614,-1,
1481,1522,1615,-1,
1615,1522,1590,-1,
1615,1590,1616,-1,
1616,1590,1597,-1,
1616,1597,637,-1,
637,1597,1598,-1,
637,1598,1599,-1,
637,1599,638,-1,
638,1599,639,-1,
639,1599,1600,-1,
639,1600,1607,-1,
1601,1608,1592,-1,
1617,1601,1602,-1,
1610,1603,1618,-1,
1618,1603,1604,-1,
1618,1604,1619,-1,
1619,1604,1611,-1,
1620,1612,1614,-1,
1620,1614,933,-1,
933,1614,1621,-1,
933,1621,1622,-1,
1622,1621,1623,-1,
916,1481,918,-1,
918,1481,1615,-1,
918,1615,636,-1,
636,1615,1616,-1,
636,1616,637,-1,
632,639,1607,-1,
632,1607,924,-1,
924,1607,1608,-1,
924,1608,925,-1,
925,1608,1601,-1,
925,1601,927,-1,
927,1601,1617,-1,
927,1617,1624,-1,
1624,1617,1602,-1,
1624,1602,1625,-1,
1625,1602,1609,-1,
1625,1609,1610,-1,
1625,1610,928,-1,
928,1610,929,-1,
929,1610,1618,-1,
929,1618,1619,-1,
929,1619,1611,-1,
929,1611,1626,-1,
1626,1611,1612,-1,
1626,1612,1620,-1,
1627,1620,933,-1,
1627,933,932,-1,
933,1622,934,-1,
934,1622,1628,-1,
934,1628,1629,-1,
934,1629,634,-1,
634,1629,1567,-1,
624,622,917,-1,
624,917,625,-1,
625,917,919,-1,
625,919,1630,-1,
1630,919,941,-1,
941,919,630,-1,
941,630,920,-1,
941,920,942,-1,
942,920,921,-1,
942,921,922,-1,
942,922,944,-1,
944,922,923,-1,
944,923,926,-1,
944,926,946,-1,
946,926,927,-1,
946,927,1624,-1,
946,1624,948,-1,
948,1624,1631,-1,
1631,1624,1625,-1,
1631,1625,928,-1,
1631,928,1632,-1,
1632,928,930,-1,
949,930,929,-1,
949,929,950,-1,
950,929,1626,-1,
950,1626,952,-1,
952,1626,1620,-1,
952,1620,953,-1,
953,1620,1627,-1,
953,1627,932,-1,
953,932,931,-1,
953,931,955,-1,
955,931,956,-1,
956,931,934,-1,
956,934,935,-1,
938,936,958,-1,
958,936,937,-1,
958,937,960,-1,
960,937,616,-1,
960,616,626,-1,
626,616,613,-1,
1523,623,1633,-1,
1633,623,625,-1,
1633,625,1634,-1,
1634,625,1630,-1,
1634,1630,941,-1,
1634,941,940,-1,
1635,940,942,-1,
1635,942,943,-1,
1636,957,959,-1,
1482,1523,1524,-1,
1524,1523,1637,-1,
1638,1639,730,-1,
1640,730,729,-1,
1641,1642,1643,-1,
1644,1639,1638,-1,
1645,1638,730,-1,
1645,730,1483,-1,
1483,730,1640,-1,
1483,1640,729,-1,
1646,1524,1637,-1,
1646,1637,1647,-1,
1646,1647,1648,-1,
1648,1647,1649,-1,
1649,1647,1650,-1,
1649,1650,1651,-1,
1649,1651,1652,-1,
1652,1651,1653,-1,
1653,1651,1654,-1,
1653,1654,1655,-1,
1653,1655,1656,-1,
1656,1655,1657,-1,
1657,1655,1658,-1,
1657,1658,1659,-1,
1657,1659,1660,-1,
1660,1659,1661,-1,
1661,1659,1662,-1,
1661,1662,1663,-1,
1661,1663,1664,-1,
1664,1663,1665,-1,
1665,1663,1666,-1,
1665,1666,1667,-1,
1665,1667,1668,-1,
1668,1667,1669,-1,
1669,1667,1670,-1,
1669,1670,1671,-1,
1669,1671,1672,-1,
1672,1671,1673,-1,
1673,1671,1674,-1,
1673,1674,1675,-1,
1673,1675,1676,-1,
1676,1675,1677,-1,
1641,1677,1642,-1,
1641,1643,1678,-1,
1678,1643,1644,-1,
1678,1644,1679,-1,
1679,1644,1638,-1,
1679,1638,1645,-1,
734,1483,732,-1,
1484,1524,1646,-1,
1680,1641,1678,-1,
1681,1645,1682,-1,
1682,1645,1483,-1,
1682,1483,734,-1,
1676,1677,1683,-1,
1683,1677,1641,-1,
1683,1641,1680,-1,
1680,1678,1684,-1,
1684,1678,1679,-1,
1684,1679,1685,-1,
1685,1679,1681,-1,
1681,1679,1645,-1,
1686,734,733,-1,
1686,733,1687,-1,
1525,1484,1646,-1,
1688,1525,1646,-1,
1689,1525,1688,-1,
1690,1486,1525,-1,
1690,1525,1689,-1,
1691,1692,607,-1,
1488,1486,1690,-1,
1693,1488,1690,-1,
1693,1690,1694,-1,
1695,1696,1697,-1,
1695,1697,1698,-1,
1698,1699,1700,-1,
1700,1699,1701,-1,
1700,1701,1702,-1,
1338,608,604,-1,
1490,1488,1693,-1,
1703,1490,1693,-1,
1490,1703,1704,-1,
1705,1706,1707,-1,
1707,1706,1708,-1,
1708,1706,1709,-1,
1710,1711,1712,-1,
1712,1711,1713,-1,
1714,1713,1715,-1,
1716,1337,966,-1,
966,1337,605,-1,
966,605,600,-1,
1526,1490,1704,-1,
1704,1703,1717,-1,
1717,1703,1718,-1,
1717,1718,1719,-1,
1717,1719,1720,-1,
1720,1719,1721,-1,
1720,1721,1722,-1,
1720,1722,1707,-1,
1707,1722,1705,-1,
1723,1707,1708,-1,
1708,1709,1724,-1,
1724,1709,1710,-1,
1724,1710,1712,-1,
1725,1712,1713,-1,
1725,1713,1726,-1,
1726,1713,1714,-1,
1714,1715,1727,-1,
1727,1715,1728,-1,
1728,1715,1729,-1,
1730,1731,1732,-1,
1732,1731,1733,-1,
1734,1735,1716,-1,
1736,1716,966,-1,
976,1526,1704,-1,
976,1704,1296,-1,
1296,1704,1717,-1,
1296,1717,1297,-1,
1297,1717,1737,-1,
1737,1717,1720,-1,
1737,1720,1738,-1,
1738,1720,972,-1,
972,1720,1707,-1,
972,1707,1723,-1,
972,1723,973,-1,
973,1723,1708,-1,
973,1708,1724,-1,
1724,1712,1739,-1,
1739,1712,1725,-1,
1725,1726,1740,-1,
1740,1726,1714,-1,
1740,1714,1741,-1,
1735,1734,1742,-1,
1742,1734,1716,-1,
1742,1716,1736,-1,
1743,1736,966,-1,
1743,966,1744,-1,
1744,966,603,-1,
976,1297,977,-1,
977,1297,1737,-1,
977,1737,982,-1,
982,1737,1738,-1,
982,1738,983,-1,
983,1738,972,-1,
983,972,971,-1,
971,973,979,-1,
979,973,1724,-1,
979,1724,1745,-1,
1745,1724,1746,-1,
1746,1724,1739,-1,
1739,1725,1747,-1,
1747,1725,1740,-1,
1748,1741,1714,-1,
1748,1714,1749,-1,
1749,1714,1727,-1,
1749,1727,1728,-1,
1749,1728,1750,-1,
1750,1728,1729,-1,
1750,1729,1751,-1,
1751,1729,1730,-1,
1751,1730,1732,-1,
1752,1732,1733,-1,
1752,1733,1753,-1,
1753,1733,1754,-1,
1753,1754,1755,-1,
1755,1754,1756,-1,
1755,1756,1757,-1,
1755,1757,1758,-1,
1758,1757,1759,-1,
1758,1759,1760,-1,
1760,1759,1761,-1,
1760,1761,1762,-1,
1762,1761,1763,-1,
1762,1763,1764,-1,
1764,1763,1765,-1,
1764,1765,1766,-1,
1766,1765,1735,-1,
1766,1735,1742,-1,
1742,1736,1767,-1,
1767,1736,1743,-1,
1743,1744,1768,-1,
1768,1744,1769,-1,
1769,1744,603,-1,
1769,603,596,-1,
981,977,982,-1,
983,971,978,-1,
1746,1739,1747,-1,
582,1747,1740,-1,
1740,1741,1748,-1,
1770,1767,1743,-1,
1771,1768,1769,-1,
1771,1769,598,-1,
598,1769,596,-1,
987,981,980,-1,
987,980,988,-1,
988,980,1300,-1,
1300,980,983,-1,
1300,983,1491,-1,
1491,983,978,-1,
1491,978,1772,-1,
1772,978,979,-1,
1772,979,1773,-1,
1773,979,1745,-1,
1773,1745,1401,-1,
1401,1745,1746,-1,
1774,1746,1747,-1,
1774,1747,582,-1,
582,1740,592,-1,
592,1740,1748,-1,
1748,1749,1775,-1,
1775,1749,1776,-1,
1776,1749,1750,-1,
1750,1751,1777,-1,
1777,1751,1732,-1,
1777,1732,1778,-1,
1778,1732,1752,-1,
1753,1755,1779,-1,
1779,1755,1758,-1,
1780,1760,1762,-1,
1764,1766,1781,-1,
1781,1766,1782,-1,
1782,1766,1742,-1,
1782,1742,1783,-1,
1783,1742,1767,-1,
1783,1767,1770,-1,
1783,1770,1784,-1,
1784,1770,1743,-1,
1784,1743,1785,-1,
1785,1743,1768,-1,
1785,1768,1009,-1,
1009,1768,1771,-1,
1009,1771,598,-1,
1009,598,569,-1,
569,598,571,-1,
1491,1772,991,-1,
991,1772,1773,-1,
991,1773,1401,-1,
1401,1746,1774,-1,
1401,1774,1003,-1,
1003,1774,582,-1,
1003,582,581,-1,
1527,989,998,-1,
998,989,990,-1,
998,990,1000,-1,
1000,990,992,-1,
997,998,999,-1,
999,998,1000,-1,
1786,999,992,-1,
1786,992,993,-1,
1786,993,1002,-1,
1001,1003,581,-1,
1004,580,1787,-1,
1787,580,592,-1,
1787,592,1775,-1,
1775,592,1748,-1,
1528,997,1788,-1,
1788,997,999,-1,
1789,999,1790,-1,
1790,999,1786,-1,
1790,1786,1791,-1,
1791,1786,1002,-1,
1791,1002,1792,-1,
1792,1002,1001,-1,
1793,1001,581,-1,
1793,581,1004,-1,
1794,1787,1775,-1,
1794,1775,1795,-1,
1795,1775,1776,-1,
1795,1776,1777,-1,
1777,1776,1750,-1,
1796,1788,999,-1,
1796,999,1789,-1,
1797,1792,1001,-1,
1797,1001,1793,-1,
1798,1793,1004,-1,
1798,1004,1787,-1,
1798,1787,1799,-1,
1799,1787,1794,-1,
1800,1795,1777,-1,
1800,1777,1801,-1,
1801,1777,1778,-1,
1801,1778,1753,-1,
1753,1778,1752,-1,
1493,1528,1796,-1,
1796,1528,1788,-1,
1802,1796,1789,-1,
1802,1789,1790,-1,
1802,1790,1803,-1,
1803,1790,1804,-1,
1804,1790,1791,-1,
1804,1791,1792,-1,
1804,1792,1797,-1,
1797,1793,1805,-1,
1805,1793,1798,-1,
1799,1794,1806,-1,
1806,1794,1795,-1,
1806,1795,1807,-1,
1807,1795,1800,-1,
1808,1801,1753,-1,
1808,1753,1809,-1,
1809,1753,1779,-1,
1809,1779,1760,-1,
1760,1779,1758,-1,
1810,1796,1802,-1,
1811,1804,1797,-1,
1805,1798,1812,-1,
1812,1798,1813,-1,
1813,1798,1799,-1,
1807,1800,1814,-1,
1814,1800,1801,-1,
1814,1801,1815,-1,
1815,1801,1808,-1,
1816,1809,1760,-1,
1816,1760,1817,-1,
1817,1760,1780,-1,
1817,1780,1764,-1,
1764,1780,1762,-1,
1529,1493,1796,-1,
1529,1796,1810,-1,
1818,1810,1802,-1,
1818,1802,1803,-1,
567,1803,1804,-1,
567,1804,1811,-1,
1819,1811,1797,-1,
1819,1797,1820,-1,
1820,1797,1805,-1,
1821,1813,1799,-1,
1821,1799,1822,-1,
1822,1799,1806,-1,
1822,1806,1807,-1,
1815,1808,1823,-1,
1823,1808,1809,-1,
1823,1809,1824,-1,
1824,1809,1816,-1,
1825,1817,1764,-1,
1825,1764,1826,-1,
1826,1764,1781,-1,
1826,1781,1783,-1,
1783,1781,1782,-1,
1495,1529,1827,-1,
1827,1529,562,-1,
562,1529,1810,-1,
562,1810,1818,-1,
562,1818,564,-1,
564,1818,565,-1,
565,1818,1803,-1,
565,1803,567,-1,
1828,567,1811,-1,
1829,1820,1805,-1,
1829,1805,1812,-1,
1830,1822,1807,-1,
1830,1807,1831,-1,
1831,1807,1814,-1,
1831,1814,1815,-1,
1824,1816,1035,-1,
1035,1816,1817,-1,
1035,1817,1825,-1,
1832,1826,1783,-1,
1832,1783,1833,-1,
1833,1783,1785,-1,
1785,1783,1784,-1,
1016,1495,1827,-1,
1016,1827,561,-1,
561,1827,562,-1,
566,567,1828,-1,
566,1828,1022,-1,
1022,1828,1811,-1,
1022,1811,1819,-1,
1022,1819,1820,-1,
1022,1820,1023,-1,
1023,1820,1829,-1,
1023,1829,1812,-1,
1023,1812,1834,-1,
1834,1812,1813,-1,
1834,1813,1026,-1,
1026,1813,1821,-1,
1026,1821,1822,-1,
1026,1822,1028,-1,
1028,1822,1830,-1,
1028,1830,1831,-1,
1028,1831,1029,-1,
1029,1831,1030,-1,
1030,1831,1815,-1,
1030,1815,1823,-1,
1030,1823,1824,-1,
1030,1824,1033,-1,
1033,1824,1035,-1,
1036,1035,1825,-1,
1036,1825,1037,-1,
1037,1825,1826,-1,
1037,1826,1039,-1,
1039,1826,1832,-1,
1039,1832,1833,-1,
1039,1833,1040,-1,
1040,1833,1785,-1,
1040,1785,1008,-1,
1008,1785,1009,-1,
1530,1015,1017,-1,
1835,1018,563,-1,
1835,563,1836,-1,
1836,563,1019,-1,
1836,1019,1837,-1,
1837,1019,1020,-1,
1837,1020,1021,-1,
1837,1021,1022,-1,
1837,1022,1024,-1,
1838,1024,1023,-1,
1838,1023,1839,-1,
1839,1023,1834,-1,
1839,1834,1026,-1,
1839,1026,1025,-1,
1038,1040,1840,-1,
1040,1008,741,-1,
1530,1531,1442,-1,
1531,1530,1532,-1,
1532,1530,1841,-1,
1842,1841,1843,-1,
1844,1025,1027,-1,
1443,1531,1532,-1,
1532,1841,1845,-1,
1845,1841,1842,-1,
1842,1843,1846,-1,
1847,1848,1849,-1,
1850,1532,1845,-1,
1851,1845,1842,-1,
1849,753,752,-1,
1496,1532,1850,-1,
1850,1845,1851,-1,
1852,1851,1842,-1,
1852,1842,1853,-1,
1853,1842,1854,-1,
1854,1842,1855,-1,
1855,1842,1846,-1,
1855,1846,1856,-1,
1447,1857,1448,-1,
1448,1857,1349,-1,
1349,1857,1858,-1,
1349,1858,1859,-1,
1349,1859,555,-1,
555,1859,1848,-1,
555,1848,1847,-1,
555,1847,1849,-1,
555,1849,556,-1,
556,1849,557,-1,
557,1849,752,-1,
1497,1496,1850,-1,
1497,1850,1860,-1,
1860,1850,1851,-1,
1860,1851,1852,-1,
1853,1854,1861,-1,
1861,1854,1855,-1,
1861,1855,1862,-1,
1862,1855,1863,-1,
1863,1855,1856,-1,
1863,1856,1864,-1,
1864,1856,1865,-1,
1864,1865,1866,-1,
1866,1865,1867,-1,
1866,1867,1868,-1,
1868,1867,1869,-1,
1868,1869,1870,-1,
1870,1869,1871,-1,
1870,1871,1872,-1,
1872,1871,1873,-1,
1872,1873,1874,-1,
1874,1873,1875,-1,
1874,1875,1876,-1,
1876,1875,1877,-1,
1876,1877,1878,-1,
1876,1878,1879,-1,
1879,1878,1880,-1,
1879,1880,1881,-1,
1881,1880,1882,-1,
1881,1882,1883,-1,
1881,1883,1884,-1,
1884,1883,1885,-1,
1884,1885,1886,-1,
1886,1885,1887,-1,
1886,1887,1888,-1,
1888,1887,1889,-1,
1888,1889,1890,-1,
1890,1889,1891,-1,
1890,1891,1892,-1,
1890,1892,1893,-1,
1893,1892,1894,-1,
1893,1894,1445,-1,
1445,1894,1446,-1,
1449,1349,555,-1,
1449,555,1076,-1,
1076,555,554,-1,
1076,554,1077,-1,
1077,554,556,-1,
1497,1860,1895,-1,
1895,1860,1852,-1,
1895,1852,1853,-1,
1895,1853,1861,-1,
1896,1866,1868,-1,
1874,1876,1897,-1,
1897,1876,1898,-1,
1898,1876,1879,-1,
1898,1879,1881,-1,
1898,1881,1899,-1,
1899,1881,1900,-1,
1900,1881,1884,-1,
1900,1884,1886,-1,
1886,1888,1890,-1,
1886,1890,1901,-1,
1901,1890,1902,-1,
1902,1890,1893,-1,
1073,1445,1247,-1,
1073,1247,1074,-1,
1074,1247,1075,-1,
1498,1497,1895,-1,
1902,1893,1072,-1,
1072,1893,1073,-1,
1533,1498,1895,-1,
1533,1895,1903,-1,
1070,1904,1071,-1,
1905,1533,1903,-1,
1068,1906,1069,-1,
1907,1533,1905,-1,
1535,1534,1533,-1,
1908,1535,1533,-1,
1908,1533,1907,-1,
1066,1909,1067,-1,
1500,1535,1908,-1,
1065,1354,1909,-1,
1065,1909,1066,-1,
1536,1500,1908,-1,
1536,1908,1910,-1,
1062,1911,1063,-1,
1912,1536,1910,-1,
1913,1914,1061,-1,
1061,1914,1915,-1,
1061,1915,1911,-1,
1061,1911,1062,-1,
1537,1501,1536,-1,
1537,1536,1059,-1,
1059,1536,1912,-1,
1059,1912,1913,-1,
1059,1913,1060,-1,
1060,1913,1061,-1,
1057,1537,1059,-1,
1538,1083,1916,-1,
1916,1083,1084,-1,
1916,1084,1085,-1,
1917,1085,1086,-1,
1917,1086,1918,-1,
1918,1086,1087,-1,
1918,1087,1919,-1,
1919,1087,1088,-1,
1919,1088,1920,-1,
1920,1088,1089,-1,
1920,1089,1921,-1,
1921,1089,1922,-1,
1922,1089,1090,-1,
1922,1090,774,-1,
1922,774,1923,-1,
1923,774,1924,-1,
1924,774,773,-1,
1924,773,771,-1,
1924,771,1925,-1,
1925,771,770,-1,
1925,770,768,-1,
1925,768,1926,-1,
1926,768,1927,-1,
1927,768,767,-1,
1927,767,765,-1,
1927,765,1928,-1,
1928,765,764,-1,
1928,764,1929,-1,
1929,764,762,-1,
1929,762,1930,-1,
1930,762,1091,-1,
1930,1091,1931,-1,
1931,1091,1092,-1,
1931,1092,1932,-1,
1932,1092,1933,-1,
1933,1092,1093,-1,
1933,1093,1309,-1,
1934,1309,1094,-1,
1539,1538,1916,-1,
1539,1916,1935,-1,
1539,1936,1937,-1,
1936,1539,1935,-1,
1938,1937,1939,-1,
1938,1939,1940,-1,
1940,1939,1941,-1,
1941,1939,1942,-1,
1943,1944,1945,-1,
1945,1944,1946,-1,
1945,1946,1096,-1,
1096,1946,800,-1,
1096,800,534,-1,
1101,1539,1937,-1,
1101,1937,1938,-1,
1947,1942,1948,-1,
1947,1948,1949,-1,
1947,1949,1950,-1,
1950,1949,1951,-1,
1952,1953,1954,-1,
1952,1954,1955,-1,
1952,1955,1956,-1,
1956,1955,1957,-1,
1957,1955,1943,-1,
1957,1943,1945,-1,
1958,1945,1096,-1,
1958,1096,1103,-1,
1103,1096,1095,-1,
1095,528,530,-1,
1454,1101,1938,-1,
1940,1941,1959,-1,
1959,1941,1942,-1,
1959,1942,1947,-1,
1956,1957,1945,-1,
1956,1945,1960,-1,
1960,1945,1958,-1,
1103,1095,532,-1,
1502,1454,1938,-1,
1502,1938,1540,-1,
1540,1938,1940,-1,
1540,1940,1959,-1,
1961,1959,1947,-1,
1961,1947,1962,-1,
1962,1947,1950,-1,
1963,1950,1951,-1,
1963,1951,1964,-1,
1964,1951,1965,-1,
1964,1965,1966,-1,
1966,1965,1967,-1,
1966,1967,1968,-1,
1968,1967,1969,-1,
1968,1969,1970,-1,
1968,1970,1971,-1,
1971,1970,1972,-1,
1971,1972,1973,-1,
1973,1972,1974,-1,
1973,1974,1975,-1,
1973,1975,1976,-1,
1976,1975,1977,-1,
1976,1977,1978,-1,
1978,1977,1979,-1,
1978,1979,1980,-1,
1978,1980,1981,-1,
1981,1980,1982,-1,
1981,1982,1983,-1,
1983,1982,1984,-1,
1983,1984,1985,-1,
1983,1985,1986,-1,
1986,1985,1987,-1,
1986,1987,1988,-1,
1988,1987,1989,-1,
1988,1989,1990,-1,
1988,1990,1991,-1,
1991,1990,1992,-1,
1991,1992,1993,-1,
1993,1992,1994,-1,
1993,1994,1995,-1,
1995,1994,1953,-1,
1995,1953,1996,-1,
1996,1953,1952,-1,
1996,1952,1997,-1,
1997,1952,1956,-1,
1997,1956,1998,-1,
1998,1956,1999,-1,
1999,1956,1960,-1,
2000,1960,1958,-1,
2000,1958,2001,-1,
2001,1958,2002,-1,
2002,1958,1103,-1,
2002,1103,1102,-1,
2003,1540,1959,-1,
2003,1959,1961,-1,
1961,1962,2004,-1,
2004,1962,1950,-1,
2004,1950,1963,-1,
1999,1960,2000,-1,
2005,2002,1102,-1,
2005,1102,2006,-1,
2006,1102,525,-1,
1504,1540,2003,-1,
524,2005,525,-1,
2007,1504,2003,-1,
1504,2007,2008,-1,
2008,2007,2003,-1,
524,2009,522,-1,
522,2009,517,-1,
1505,1504,2008,-1,
2010,2008,2011,-1,
1506,1505,2008,-1,
1506,2008,2010,-1,
1541,1506,2010,-1,
505,2012,496,-1,
2013,1541,2010,-1,
1110,1541,2013,-1,
1110,2013,2014,-1,
1110,2014,2015,-1,
2015,2014,2012,-1,
2015,2012,505,-1,
496,2016,497,-1,
2017,2018,519,-1,
2017,519,803,-1,
504,502,1110,-1,
504,1110,2015,-1,
504,2015,505,-1,
1542,1118,1119,-1,
1542,1119,2019,-1,
1119,1114,1417,-1,
2020,1417,1418,-1,
2021,1418,1120,-1,
2021,1120,2022,-1,
2023,2024,1265,-1,
1265,2024,1266,-1,
1457,1542,2025,-1,
2025,1542,2019,-1,
2026,2027,2028,-1,
2028,2027,2029,-1,
2029,2027,2030,-1,
2029,2030,2031,-1,
2029,2031,2032,-1,
2032,2031,2033,-1,
2033,2031,2034,-1,
2034,2035,2036,-1,
2036,2035,2037,-1,
2037,2035,2038,-1,
2037,2038,2023,-1,
2037,2023,2039,-1,
2039,2023,1265,-1,
2039,1265,2040,-1,
2040,1265,1264,-1,
1507,1457,2025,-1,
2041,2025,2019,-1,
1508,1507,2025,-1,
1508,2025,2041,-1,
2042,1508,2043,-1,
2043,1508,2041,-1,
1459,1508,2042,-1,
1380,2044,2045,-1,
1543,1459,2042,-1,
1374,1543,2042,-1,
1372,1543,1374,-1,
1375,2046,1378,-1,
1371,1317,1133,-1,
1317,1371,2047,-1,
2047,1371,2048,-1,
2048,1373,2049,-1,
2049,1373,1376,-1,
2049,1376,1510,-1,
1510,2050,1511,-1,
1511,2051,2052,-1,
2052,2051,2053,-1,
2052,2054,2055,-1,
2055,2054,2056,-1,
2055,2056,2057,-1,
2057,2056,2058,-1,
2059,2058,1148,-1,
1512,2060,1513,-1,
1317,2047,1134,-1,
1134,2047,2048,-1,
1134,2048,1139,-1,
1139,2048,2049,-1,
1139,2049,1140,-1,
1140,2049,1510,-1,
1140,1510,1142,-1,
1142,1510,1509,-1,
1142,1509,1144,-1,
1144,1509,1511,-1,
1144,1511,1318,-1,
1318,1511,2052,-1,
1318,2052,1145,-1,
1145,2052,1146,-1,
1146,2052,2061,-1,
2061,2052,2055,-1,
2061,2055,2062,-1,
2062,2055,2063,-1,
2063,2055,2064,-1,
2064,2055,2057,-1,
2064,2057,2065,-1,
2065,2057,2066,-1,
2066,2057,1154,-1,
1154,2057,2058,-1,
1154,2058,2059,-1,
1147,2059,1148,-1,
1148,2067,488,-1,
488,2067,489,-1,
489,2068,487,-1,
487,2068,2069,-1,
2069,2068,2070,-1,
2070,2071,2072,-1,
2072,2071,2073,-1,
2073,2071,2074,-1,
2074,2075,2076,-1,
2076,2075,2077,-1,
2077,2075,2078,-1,
2078,2079,2080,-1,
2080,2079,2081,-1,
2081,2079,2082,-1,
2082,2083,1200,-1,
1200,2083,2060,-1,
1200,2060,2084,-1,
2084,2060,1512,-1,
2084,1512,1201,-1,
1201,1512,2085,-1,
2085,1512,813,-1,
1544,1134,1139,-1,
1544,1139,1160,-1,
1160,1139,1141,-1,
1141,1142,2086,-1,
2086,1142,1144,-1,
2086,1144,1143,-1,
2087,1143,1146,-1,
2087,1146,2061,-1,
2061,2062,1178,-1,
1178,2062,2063,-1,
2065,2066,1154,-1,
1154,2059,1155,-1,
1155,2059,1147,-1,
1155,1147,488,-1,
1160,1141,1161,-1,
1161,1141,2086,-1,
1161,2086,1171,-1,
1171,2086,1143,-1,
1171,1143,1172,-1,
1172,1143,1174,-1,
1174,1143,2087,-1,
1174,2087,1175,-1,
1175,2087,1176,-1,
1176,2087,2061,-1,
1176,2061,1178,-1,
1178,2063,1168,-1,
1168,2063,2064,-1,
1168,2064,2065,-1,
1168,2065,1169,-1,
1169,2065,1154,-1,
1169,1154,2088,-1,
2088,1154,1153,-1,
1194,485,2089,-1,
2089,485,2090,-1,
2090,485,484,-1,
2090,484,2091,-1,
2091,484,2092,-1,
2092,484,1184,-1,
2092,1184,2093,-1,
2093,1184,2094,-1,
2094,1184,1177,-1,
2094,1177,1179,-1,
2094,1179,2095,-1,
2095,1179,1168,-1,
2095,1168,2096,-1,
2096,1168,1167,-1,
2096,1167,1169,-1,
2096,1169,2097,-1,
2097,1169,2098,-1,
2098,1169,2088,-1,
2098,2088,1153,-1,
2098,1153,2099,-1,
2099,1153,1155,-1,
2099,1155,1195,-1,
2100,1195,488,-1,
2100,488,1196,-1,
1196,487,2101,-1,
2101,487,2069,-1,
2101,2069,2072,-1,
2072,2069,2070,-1,
1545,1194,2102,-1,
2102,1194,2089,-1,
2099,1195,2100,-1,
2103,2100,1196,-1,
2104,2101,2072,-1,
2104,2072,2105,-1,
2105,2072,2073,-1,
2105,2073,2076,-1,
2076,2073,2074,-1,
2106,2102,2089,-1,
2106,2089,2090,-1,
2106,2090,2107,-1,
2107,2090,2091,-1,
2107,2091,2092,-1,
2107,2092,2108,-1,
2108,2092,2109,-1,
2109,2092,2093,-1,
2109,2093,2094,-1,
2109,2094,2110,-1,
2110,2094,2111,-1,
2111,2094,2095,-1,
2111,2095,2096,-1,
2111,2096,2112,-1,
2112,2096,2113,-1,
2113,2096,2097,-1,
2113,2097,2098,-1,
2113,2098,2114,-1,
2114,2098,2115,-1,
2115,2098,2099,-1,
2116,2103,1196,-1,
2116,1196,2117,-1,
2117,1196,2101,-1,
2117,2101,2118,-1,
2118,2101,2104,-1,
2119,2105,2076,-1,
2119,2076,2120,-1,
2120,2076,2077,-1,
2120,2077,2080,-1,
2080,2077,2078,-1,
1515,1545,2121,-1,
2121,1545,2102,-1,
2121,2102,2106,-1,
2122,2115,2099,-1,
2122,2099,2100,-1,
2118,2104,2123,-1,
2123,2104,2105,-1,
2123,2105,2124,-1,
2124,2105,2119,-1,
2125,2120,2080,-1,
2125,2080,2126,-1,
2126,2080,2081,-1,
2126,2081,1200,-1,
1200,2081,2082,-1,
1326,2121,2106,-1,
1326,2106,2127,-1,
2127,2106,2128,-1,
2128,2106,2107,-1,
2128,2107,2129,-1,
2129,2107,2108,-1,
2129,2108,2109,-1,
2129,2109,2130,-1,
2130,2109,2131,-1,
2131,2109,2110,-1,
2131,2110,2111,-1,
2131,2111,2132,-1,
2132,2111,2133,-1,
2133,2111,2112,-1,
2112,2113,2134,-1,
2134,2113,2114,-1,
2114,2115,2122,-1,
2135,2122,2100,-1,
2135,2100,2103,-1,
2136,2103,2116,-1,
2116,2117,2137,-1,
2137,2117,2118,-1,
2124,2119,2138,-1,
2138,2119,2120,-1,
2138,2120,2125,-1,
2139,2126,1200,-1,
1200,2084,1201,-1,
1546,1515,1325,-1,
1325,1515,2121,-1,
1325,2121,1326,-1,
1326,2127,1203,-1,
1203,2127,2128,-1,
1203,2128,2129,-1,
1203,2129,1204,-1,
1204,2129,2140,-1,
2140,2129,2130,-1,
2133,2112,2141,-1,
2141,2112,2134,-1,
2134,2114,2142,-1,
2142,2114,2122,-1,
2135,2103,2136,-1,
2136,2116,2143,-1,
2143,2116,2137,-1,
2143,2137,2118,-1,
2143,2118,2123,-1,
2144,2123,2124,-1,
2145,2125,2126,-1,
2145,2126,2139,-1,
1199,2139,1200,-1,
2146,1199,1201,-1,
2146,1201,2147,-1,
2147,1201,2085,-1,
2147,2085,813,-1,
1276,1546,1325,-1,
1276,1325,1324,-1,
2148,1324,1516,-1,
1516,1324,1203,-1,
2149,1202,2150,-1,
1279,1278,1465,-1,
1547,1276,1324,-1,
465,463,1208,-1,
465,1208,466,-1,
1548,1217,2151,-1,
2151,1217,1210,-1,
2151,1210,1218,-1,
2152,1213,1220,-1,
2153,2154,1474,-1,
1474,2154,1475,-1,
1472,1548,2151,-1,
1472,2151,2155,-1,
2155,2151,2156,-1,
2157,2156,2158,-1,
2157,2158,2159,-1,
2160,2161,2162,-1,
2162,2161,2163,-1,
2163,2161,2164,-1,
2163,2164,2165,-1,
2163,2165,2166,-1,
2166,2165,2167,-1,
2168,2169,2153,-1,
2168,2153,1474,-1,
2168,1474,2170,-1,
1517,1472,2155,-1,
2166,2167,2171,-1,
2172,2155,2156,-1,
1517,2155,2172,-1,
2173,1517,2174,-1,
2174,1517,2172,-1,
1549,1517,2173,-1,
1389,1549,2173,-1,
2175,1389,2173,-1,
2176,2175,2173,-1,
1389,2175,840,-1,
840,2175,2176,-1,
840,2176,839,-1,
839,2176,838,-1,
838,2176,845,-1,
842,1476,840,-1,
837,838,836,-1,
836,838,846,-1,
2177,2178,2179,-1,
2179,2178,2171,-1,
2180,2168,2170,-1,
2181,2170,1474,-1,
2181,1474,1473,-1,
2182,1473,1475,-1,
1475,2183,2184,-1,
2184,2183,2185,-1,
2185,2183,2186,-1,
2185,2186,2187,-1,
2188,831,1471,-1,
2188,1471,830,-1,
891,1520,652,-1,
616,1569,615,-1,
652,1520,708,-1,
1647,1637,1633,-1,
1633,1637,1523,-1,
1648,1688,1646,-1,
2189,1690,1689,-1,
1718,1703,1694,-1,
1694,1703,1693,-1,
1841,1530,1018,-1,
1861,1903,1895,-1,
1910,1908,1907,-1,
1913,1912,1910,-1,
1935,1916,1085,-1,
2190,2008,1961,-1,
1961,2008,2003,-1,
2011,2008,2191,-1,
2191,2008,2190,-1,
2014,2013,2012,-1,
2012,2013,2010,-1,
2192,2020,1418,-1,
2193,2021,2022,-1,
2194,2041,2019,-1,
1375,1374,2042,-1,
1371,1373,2048,-1,
1510,1376,2050,-1,
2050,2051,1511,-1,
2052,2053,2054,-1,
1547,1324,2148,-1,
2195,1516,1202,-1,
2195,1202,2149,-1,
2149,2150,2196,-1,
2158,1218,1213,-1,
2152,1220,1423,-1,
2157,2172,2156,-1,
2197,708,707,-1,
2197,707,705,-1,
2197,705,2198,-1,
2198,705,1551,-1,
2197,652,708,-1,
1689,1688,1649,-1,
1649,1688,1648,-1,
2199,2189,1689,-1,
1694,1690,2189,-1,
1719,1718,1694,-1,
1841,1018,1835,-1,
1835,1836,2200,-1,
2200,1836,1837,-1,
2201,1837,2202,-1,
2202,1837,1024,-1,
2202,1024,2203,-1,
2203,1024,1838,-1,
2203,1838,1839,-1,
2203,1839,2204,-1,
2204,1839,1025,-1,
2205,1903,1862,-1,
1862,1903,1861,-1,
2205,1905,1903,-1,
2206,1907,1905,-1,
2207,1910,2206,-1,
2206,1910,1907,-1,
1914,1913,2207,-1,
2207,1913,1910,-1,
1935,1085,1936,-1,
1936,1085,2208,-1,
800,1946,798,-1,
2208,1085,1917,-1,
1939,1937,2208,-1,
2208,1937,1936,-1,
2004,2190,1961,-1,
2209,2191,2190,-1,
2209,2011,2191,-1,
2012,2010,2209,-1,
2209,2010,2011,-1,
2019,1119,2194,-1,
2194,1119,2210,-1,
2024,2211,1266,-1,
1266,2211,2212,-1,
2210,1119,1417,-1,
2213,2041,2210,-1,
2210,2041,2194,-1,
2213,2043,2041,-1,
2214,2042,2043,-1,
2046,1375,2214,-1,
2214,1375,2042,-1,
1376,1377,2050,-1,
2050,1377,1379,-1,
1379,1380,2215,-1,
1547,2148,1464,-1,
1464,2148,1516,-1,
2151,1218,2156,-1,
2156,1218,2158,-1,
2153,2216,2154,-1,
1475,2154,2183,-1,
2217,2172,2157,-1,
2217,2174,2172,-1,
2218,2173,2174,-1,
845,2176,2218,-1,
2218,2176,2173,-1,
650,652,2197,-1,
1650,1633,1634,-1,
1650,1647,1633,-1,
2219,1689,1649,-1,
2219,2199,1689,-1,
1696,1694,2199,-1,
2199,1694,2189,-1,
1721,1719,1696,-1,
1696,1719,1694,-1,
1841,1835,1843,-1,
1843,2200,1846,-1,
1846,2200,1856,-1,
1856,2200,1865,-1,
1865,2200,2220,-1,
1865,2220,1867,-1,
1867,2220,1869,-1,
1869,2220,2221,-1,
1869,2221,1871,-1,
1871,2221,1873,-1,
1873,2221,1875,-1,
1875,2221,2222,-1,
1875,2222,1877,-1,
1877,2222,1878,-1,
1878,2222,1880,-1,
1880,2222,2223,-1,
1880,2223,1882,-1,
1882,2223,2224,-1,
1882,2224,1883,-1,
1883,2224,1885,-1,
1885,2224,2225,-1,
1885,2225,1887,-1,
1887,2225,2226,-1,
1887,2226,1889,-1,
1889,2226,1891,-1,
1891,2226,2227,-1,
1891,2227,1892,-1,
1892,2227,2228,-1,
1892,2228,1894,-1,
1894,2228,1446,-1,
1446,2228,2229,-1,
1446,2229,1447,-1,
1447,2229,1857,-1,
1857,2229,2230,-1,
1857,2230,1858,-1,
1858,2230,1859,-1,
1859,2230,2231,-1,
1859,2231,1848,-1,
1848,2231,2232,-1,
1848,2232,753,-1,
1848,753,1849,-1,
1863,2205,1862,-1,
2233,1905,2205,-1,
2233,2206,1905,-1,
1915,1914,2234,-1,
2234,1914,2207,-1,
2235,1917,1918,-1,
2235,1939,2208,-1,
2236,2190,1963,-1,
1963,2190,2004,-1,
2236,2209,2190,-1,
2237,2012,2238,-1,
2238,2012,2209,-1,
496,2012,2237,-1,
2193,2022,2239,-1,
2240,2213,2210,-1,
2241,2043,2213,-1,
2241,2214,2043,-1,
2242,2158,1213,-1,
2243,2152,1423,-1,
2244,1468,1469,-1,
2159,2217,2157,-1,
2245,2174,2217,-1,
2245,2218,2174,-1,
1576,650,2198,-1,
2198,650,2197,-1,
1635,1650,1634,-1,
1651,1650,1635,-1,
1652,2219,1649,-1,
2246,2199,2219,-1,
1695,1721,1696,-1,
2233,2205,1864,-1,
1864,2205,1863,-1,
2247,2206,2233,-1,
2234,2207,2247,-1,
2247,2207,2206,-1,
1911,1915,2234,-1,
2208,1917,2235,-1,
1942,1939,2248,-1,
2248,1939,2235,-1,
1964,2236,1963,-1,
2249,2209,2236,-1,
2238,2209,2249,-1,
2016,496,2237,-1,
2210,1417,2240,-1,
2240,1417,2020,-1,
2240,2020,2250,-1,
2250,2020,2192,-1,
2250,2192,2026,-1,
2026,2192,2021,-1,
2026,2021,2027,-1,
2027,2021,2251,-1,
2027,2251,2193,-1,
2027,2193,2030,-1,
2030,2193,2031,-1,
2031,2193,2252,-1,
2031,2252,2253,-1,
2031,2253,2034,-1,
2034,2253,2254,-1,
2034,2254,2035,-1,
2035,2254,2255,-1,
2035,2255,2256,-1,
2035,2256,2038,-1,
2038,2256,2023,-1,
2023,2256,2024,-1,
2211,2257,2212,-1,
2241,2213,2250,-1,
2250,2213,2240,-1,
2046,2214,2241,-1,
2258,1379,2215,-1,
1466,1465,2259,-1,
1466,2259,1467,-1,
1467,2259,2260,-1,
1467,2260,2261,-1,
1467,2261,1469,-1,
1469,2261,2262,-1,
1469,2262,2263,-1,
2263,2262,2264,-1,
2264,2262,2265,-1,
2265,2266,2267,-1,
2267,2266,2268,-1,
2268,2266,2269,-1,
2268,2269,2270,-1,
2268,2270,2271,-1,
2271,2270,2272,-1,
2272,2270,2273,-1,
2272,2273,2274,-1,
2272,2274,2275,-1,
2275,2274,2276,-1,
2276,2274,2277,-1,
2276,2277,2278,-1,
2276,2278,2279,-1,
2279,2278,2280,-1,
2280,2278,2281,-1,
2281,2282,2283,-1,
2283,2282,2284,-1,
2284,2285,2286,-1,
2286,2285,2287,-1,
2286,2287,1470,-1,
1470,2287,2288,-1,
1470,2288,1471,-1,
1471,2288,830,-1,
1464,1516,2195,-1,
2158,2242,2159,-1,
2159,2242,2289,-1,
2289,2242,2152,-1,
2289,2152,2160,-1,
2160,2152,2243,-1,
2160,2243,2161,-1,
2161,2243,2164,-1,
2164,2290,2165,-1,
2165,2290,2291,-1,
2165,2291,2167,-1,
2167,2291,2292,-1,
2167,2292,2293,-1,
2293,2292,2169,-1,
2169,2292,2216,-1,
2169,2216,2153,-1,
2154,2294,2183,-1,
2187,2295,2296,-1,
2296,2295,2297,-1,
2245,2217,2289,-1,
2289,2217,2159,-1,
846,845,2218,-1,
1564,1576,2198,-1,
2298,1635,943,-1,
2298,943,2299,-1,
2300,945,947,-1,
947,945,946,-1,
2301,947,948,-1,
2301,948,1631,-1,
2301,1631,2302,-1,
2302,1631,2303,-1,
2303,1631,1632,-1,
2303,1632,2304,-1,
2304,1632,930,-1,
2304,930,949,-1,
2304,949,2305,-1,
2305,949,951,-1,
2305,951,2306,-1,
2306,951,954,-1,
2307,2219,1653,-1,
1653,2219,1652,-1,
2307,2246,2219,-1,
1697,2199,2246,-1,
1697,1696,2199,-1,
1722,1721,1695,-1,
1835,2200,1843,-1,
1866,2233,1864,-1,
1896,2247,2233,-1,
2308,2234,2247,-1,
2308,1911,2234,-1,
1948,1942,2248,-1,
1966,2236,1964,-1,
1966,2249,2236,-1,
2021,2192,1418,-1,
2252,2193,2239,-1,
2026,2241,2250,-1,
2044,2046,2028,-1,
2028,2046,2241,-1,
2044,1378,2046,-1,
2050,2309,2051,-1,
2309,2050,1379,-1,
1464,2195,1278,-1,
1278,2195,2149,-1,
2260,2149,2196,-1,
2242,1213,2152,-1,
2244,2243,1423,-1,
2310,2244,1469,-1,
2310,1469,2263,-1,
2160,2245,2289,-1,
846,2218,2311,-1,
2311,2218,2245,-1,
679,836,846,-1,
719,2312,718,-1,
1564,2198,1551,-1,
2313,1564,1551,-1,
1565,1564,2313,-1,
1565,2313,1566,-1,
1566,2313,1581,-1,
1581,2314,1580,-1,
1580,2314,1588,-1,
1588,2314,2315,-1,
1588,2315,2316,-1,
1588,2316,1589,-1,
1589,2316,1595,-1,
1595,2316,2317,-1,
1595,2317,1596,-1,
1596,2318,1605,-1,
1605,2318,2319,-1,
1605,2319,1606,-1,
1606,2320,1613,-1,
1613,2320,2321,-1,
1613,2321,1614,-1,
1614,2322,1621,-1,
1621,2322,1623,-1,
1623,2322,2323,-1,
1623,2323,1622,-1,
1622,2323,1628,-1,
1567,2324,635,-1,
635,2325,633,-1,
633,2325,1568,-1,
1568,2325,2312,-1,
1568,2312,937,-1,
937,2312,1569,-1,
1569,719,615,-1,
940,1635,1634,-1,
2326,2327,731,-1,
730,2326,731,-1,
1651,1635,2328,-1,
1651,2328,1654,-1,
1654,2328,1655,-1,
1655,2328,2329,-1,
1655,2329,2330,-1,
1655,2330,1658,-1,
1658,2330,1659,-1,
1659,2330,2331,-1,
1659,2331,2332,-1,
1659,2332,1662,-1,
1662,2332,1663,-1,
1663,2332,2333,-1,
1663,2333,2334,-1,
1663,2334,1666,-1,
1666,2334,1667,-1,
1667,2334,2335,-1,
1667,2335,2336,-1,
1667,2336,1670,-1,
1670,2336,1671,-1,
1671,2336,2337,-1,
1671,2337,2338,-1,
1671,2338,1674,-1,
1674,2338,1675,-1,
1675,2338,2339,-1,
1675,2339,1677,-1,
1677,2339,2340,-1,
1677,2340,1642,-1,
1642,2340,2341,-1,
1642,2341,2342,-1,
1642,2342,1643,-1,
1643,2342,2343,-1,
1643,2343,2344,-1,
1643,2344,1644,-1,
1644,2344,2345,-1,
1644,2345,1639,-1,
1639,2345,2326,-1,
1639,2326,730,-1,
2307,1653,2346,-1,
2346,1653,1656,-1,
2346,1656,1657,-1,
2346,1657,2347,-1,
2347,1657,2348,-1,
2348,1657,1660,-1,
2348,1660,1661,-1,
2348,1661,2349,-1,
2349,1661,2350,-1,
2350,1661,1664,-1,
2350,1664,1665,-1,
2350,1665,1668,-1,
2351,1668,1669,-1,
2351,1669,2352,-1,
2352,1669,2353,-1,
2353,1669,1672,-1,
2353,1672,1673,-1,
2353,1673,2354,-1,
2354,1673,1676,-1,
2355,1683,1680,-1,
2355,1680,1684,-1,
2356,1685,1681,-1,
2356,1681,2357,-1,
2357,1681,1682,-1,
2358,1682,734,-1,
2358,734,1686,-1,
2359,1686,1687,-1,
2246,2307,2346,-1,
2350,1668,2360,-1,
2360,1668,2351,-1,
2361,2353,2354,-1,
2361,2354,1676,-1,
2361,1676,2362,-1,
2362,1676,1683,-1,
2362,1683,2355,-1,
2363,2355,1684,-1,
2363,1684,2364,-1,
2364,1684,2365,-1,
2365,1684,1685,-1,
2365,1685,2356,-1,
2366,2357,1682,-1,
2366,1682,2358,-1,
2358,1686,2359,-1,
607,1687,606,-1,
1697,2246,2346,-1,
1697,2346,1699,-1,
1699,2346,2347,-1,
1699,2347,2348,-1,
1699,2348,1701,-1,
1701,2348,2367,-1,
2367,2348,2349,-1,
2367,2349,2350,-1,
2367,2350,2368,-1,
2368,2350,2360,-1,
2351,2352,2353,-1,
2351,2353,2369,-1,
2369,2353,2361,-1,
2370,2362,2355,-1,
2370,2355,2363,-1,
2371,2365,2356,-1,
2371,2356,2372,-1,
2372,2356,2373,-1,
2373,2356,2357,-1,
2373,2357,2366,-1,
2373,2366,2358,-1,
2373,2358,2374,-1,
2374,2358,2359,-1,
1692,2359,1687,-1,
1692,1687,607,-1,
1698,1697,1699,-1,
1701,2367,1702,-1,
1702,2367,2368,-1,
1702,2368,2375,-1,
2375,2368,2360,-1,
2375,2360,2376,-1,
2376,2360,2351,-1,
2376,2351,2377,-1,
2377,2351,2378,-1,
2378,2351,2369,-1,
2378,2369,2361,-1,
2378,2361,2379,-1,
2379,2361,2380,-1,
2380,2361,2362,-1,
2380,2362,2370,-1,
2380,2370,2381,-1,
2381,2370,2382,-1,
2382,2370,2363,-1,
2382,2363,2364,-1,
2382,2364,2383,-1,
2383,2364,2365,-1,
2383,2365,2384,-1,
2384,2365,2371,-1,
2384,2371,2372,-1,
2384,2372,2385,-1,
2385,2372,2373,-1,
2385,2373,2386,-1,
2386,2373,2387,-1,
2387,2373,2374,-1,
2388,2374,2359,-1,
2388,2359,2389,-1,
2389,2359,1692,-1,
2389,1692,1338,-1,
1338,1692,1691,-1,
1338,1691,608,-1,
608,1691,607,-1,
1722,1695,1698,-1,
1722,1698,1705,-1,
1705,1698,1700,-1,
1705,1700,1706,-1,
1706,1700,1702,-1,
1706,1702,1709,-1,
1709,1702,2375,-1,
1709,2375,1710,-1,
1710,2375,2376,-1,
1710,2376,1711,-1,
1711,2376,2377,-1,
1711,2377,2378,-1,
1711,2378,1713,-1,
1713,2378,2379,-1,
1713,2379,1715,-1,
1715,2379,2380,-1,
1715,2380,2381,-1,
1715,2381,1729,-1,
1729,2381,1730,-1,
1730,2381,2382,-1,
1730,2382,1731,-1,
1731,2382,2383,-1,
1731,2383,1733,-1,
1733,2383,2384,-1,
1733,2384,1754,-1,
1754,2384,2385,-1,
1754,2385,1756,-1,
1756,2385,2386,-1,
1756,2386,1757,-1,
1757,2386,2387,-1,
1757,2387,1759,-1,
1759,2387,2374,-1,
1759,2374,1761,-1,
1761,2374,2388,-1,
1761,2388,1763,-1,
1763,2388,2389,-1,
1763,2389,1765,-1,
1765,2389,1735,-1,
1735,2389,1338,-1,
1735,1338,1716,-1,
1716,1338,1337,-1,
605,1337,604,-1,
2201,2200,1837,-1,
2390,2204,1025,-1,
2390,1025,1844,-1,
753,2391,751,-1,
2233,1866,1896,-1,
1900,1886,2392,-1,
2392,1886,1901,-1,
1893,1445,1073,-1,
2393,1896,1868,-1,
2393,1868,2394,-1,
2394,1868,1870,-1,
2394,1870,1872,-1,
2394,1872,2395,-1,
2395,1872,1874,-1,
2395,1874,2396,-1,
2396,1874,1897,-1,
2396,1897,1909,-1,
1909,1897,1898,-1,
1909,1898,2397,-1,
2397,1898,2398,-1,
2398,1898,1899,-1,
2398,1899,1906,-1,
1906,1899,1900,-1,
1906,1900,2399,-1,
2399,1900,2392,-1,
1904,2392,1901,-1,
1904,1901,1902,-1,
1904,1902,1071,-1,
1071,1902,1072,-1,
2247,1896,2393,-1,
1906,2399,2392,-1,
1906,2392,1069,-1,
1069,2392,1904,-1,
1069,1904,1070,-1,
2308,2247,2393,-1,
2308,2393,2394,-1,
2308,2394,2400,-1,
2400,2394,1253,-1,
1253,2394,2395,-1,
1253,2395,2396,-1,
1253,2396,1354,-1,
1354,2396,1909,-1,
1909,2397,2398,-1,
1909,2398,1067,-1,
1067,2398,1906,-1,
1067,1906,1068,-1,
1911,2308,2400,-1,
1911,2400,1063,-1,
1063,2400,1253,-1,
1063,1253,1064,-1,
1946,2401,798,-1,
1919,2248,1918,-1,
1918,2248,2235,-1,
1944,2402,1946,-1,
1948,2248,2403,-1,
1948,2403,1949,-1,
1949,2403,2404,-1,
1949,2404,2405,-1,
1949,2405,1951,-1,
1951,2405,2406,-1,
1951,2406,1965,-1,
1965,2406,2407,-1,
1965,2407,1967,-1,
1967,2407,2408,-1,
1967,2408,1969,-1,
1969,2408,2409,-1,
1969,2409,1970,-1,
1970,2409,2410,-1,
1970,2410,1972,-1,
1972,2410,2411,-1,
1972,2411,1974,-1,
1974,2411,2412,-1,
1974,2412,1975,-1,
1975,2412,2413,-1,
1975,2413,1977,-1,
1977,2413,2414,-1,
1977,2414,1979,-1,
1979,2414,2415,-1,
1979,2415,1980,-1,
1980,2415,2416,-1,
1980,2416,1982,-1,
1982,2416,2417,-1,
1982,2417,1984,-1,
1984,2417,2418,-1,
1984,2418,1985,-1,
1985,2418,2419,-1,
1985,2419,1987,-1,
1987,2419,2420,-1,
1987,2420,1989,-1,
1989,2420,2421,-1,
1989,2421,1990,-1,
1990,2421,2422,-1,
1990,2422,1992,-1,
1992,2422,2423,-1,
1992,2423,1994,-1,
1994,2423,2424,-1,
1994,2424,1953,-1,
1953,2424,2425,-1,
1953,2425,1954,-1,
1955,1954,2426,-1,
1955,2426,2402,-1,
1955,2402,1943,-1,
1943,2402,1944,-1,
1966,1968,2427,-1,
2427,1968,1971,-1,
1971,1973,2428,-1,
2428,1973,2429,-1,
2429,1973,1976,-1,
2429,1976,1978,-1,
2429,1978,2430,-1,
2430,1978,2431,-1,
2431,1978,1981,-1,
2431,1981,1983,-1,
2431,1983,2432,-1,
2432,1983,2433,-1,
2433,1983,1986,-1,
2433,1986,1988,-1,
2433,1988,2434,-1,
2434,1988,2435,-1,
2435,1988,1991,-1,
2435,1991,1993,-1,
2435,1993,2436,-1,
2436,1993,1995,-1,
2436,1995,1996,-1,
2436,1996,2437,-1,
2437,1996,2438,-1,
2438,1996,1997,-1,
1997,1998,2439,-1,
2439,1998,1999,-1,
2440,1999,2000,-1,
2000,2001,2441,-1,
2441,2001,2002,-1,
2441,2002,2442,-1,
2442,2002,2005,-1,
2005,2006,525,-1,
2249,1966,2427,-1,
2427,1971,2428,-1,
2439,1999,2440,-1,
2442,2005,2443,-1,
2443,2005,524,-1,
524,526,2009,-1,
2009,526,517,-1,
2238,2249,2427,-1,
2238,2427,2428,-1,
2444,2428,2445,-1,
2445,2428,2429,-1,
2445,2429,2446,-1,
2446,2429,2447,-1,
2447,2429,2430,-1,
2447,2430,2431,-1,
2447,2431,2448,-1,
2448,2431,2449,-1,
2449,2431,2432,-1,
2449,2432,2433,-1,
2449,2433,2450,-1,
2450,2433,2451,-1,
2451,2433,2434,-1,
2451,2434,2435,-1,
2451,2435,2452,-1,
2452,2435,2453,-1,
2453,2435,2436,-1,
2453,2436,2454,-1,
2454,2436,2437,-1,
2437,2438,2455,-1,
2455,2438,1997,-1,
2455,1997,2456,-1,
2456,1997,2439,-1,
2457,2439,2440,-1,
2440,2000,2458,-1,
2458,2000,2441,-1,
2458,2441,2459,-1,
2459,2441,2442,-1,
2460,2442,2443,-1,
2460,2443,523,-1,
523,2443,524,-1,
523,524,522,-1,
2237,2238,2428,-1,
2237,2428,2444,-1,
2456,2439,2457,-1,
2461,2459,2442,-1,
2461,2442,2460,-1,
2462,2460,523,-1,
2462,523,2463,-1,
2463,523,516,-1,
2016,2237,2444,-1,
2016,2444,497,-1,
497,2444,2445,-1,
497,2445,2446,-1,
497,2446,1120,-1,
1120,2446,2447,-1,
1120,2447,2022,-1,
2022,2447,2448,-1,
2022,2448,2239,-1,
2239,2448,2449,-1,
2239,2449,2464,-1,
2464,2449,2450,-1,
2464,2450,2451,-1,
2464,2451,2465,-1,
2465,2451,2466,-1,
2466,2451,2452,-1,
2452,2453,2467,-1,
2467,2453,2468,-1,
2468,2453,2454,-1,
2468,2454,2437,-1,
2468,2437,2469,-1,
2469,2437,2455,-1,
2455,2456,2470,-1,
2470,2456,2471,-1,
2471,2456,2457,-1,
2457,2440,2472,-1,
2472,2440,2458,-1,
2472,2458,2473,-1,
2473,2458,2474,-1,
2474,2458,2459,-1,
2474,2459,2461,-1,
2461,2460,2018,-1,
2018,2460,2462,-1,
2018,2462,2463,-1,
2018,2463,519,-1,
519,2463,516,-1,
2257,2475,2212,-1,
2212,2475,2476,-1,
2253,2252,2239,-1,
2253,2239,2464,-1,
2241,2026,2028,-1,
2033,2034,2036,-1,
2044,2028,2029,-1,
2044,2029,2477,-1,
2477,2029,2478,-1,
2478,2029,2032,-1,
2478,2032,2033,-1,
2033,2036,2479,-1,
2044,2477,2045,-1,
2045,2477,2478,-1,
1378,2044,1380,-1,
2309,1379,2480,-1,
2480,1379,2258,-1,
2481,2258,2215,-1,
2309,2480,2051,-1,
2051,2482,2053,-1,
2053,2482,2483,-1,
2053,2483,2054,-1,
2054,2483,2484,-1,
2054,2484,2056,-1,
2056,2484,2485,-1,
2056,2485,2058,-1,
2058,2485,2486,-1,
2058,2486,2487,-1,
2058,2487,1148,-1,
1148,2487,2488,-1,
1148,2488,2067,-1,
2067,2488,489,-1,
489,2488,2489,-1,
489,2489,2068,-1,
2068,2489,2490,-1,
2068,2490,2491,-1,
2068,2491,2070,-1,
2070,2491,2492,-1,
2070,2492,2071,-1,
2071,2492,2493,-1,
2071,2493,2494,-1,
2071,2494,2074,-1,
2074,2494,2495,-1,
2074,2495,2075,-1,
2075,2495,2496,-1,
2075,2496,2497,-1,
2075,2497,2078,-1,
2078,2497,2079,-1,
2079,2497,2498,-1,
2079,2498,2082,-1,
2082,2498,2499,-1,
2082,2499,2083,-1,
2083,2499,2060,-1,
2060,2499,1513,-1,
2132,2133,2141,-1,
1204,2140,1202,-1,
1202,2140,2130,-1,
1202,2130,2150,-1,
2150,2130,2500,-1,
2150,2500,2196,-1,
2196,2501,2502,-1,
2149,1465,1278,-1,
1465,2149,2259,-1,
2259,2149,2260,-1,
2260,2196,2502,-1,
2294,2503,2183,-1,
2183,2503,2186,-1,
2295,2504,2297,-1,
2297,2504,2505,-1,
2244,1423,1468,-1,
2310,2263,2264,-1,
2245,2160,2162,-1,
2167,2293,2171,-1,
2171,2293,2169,-1,
2171,2169,2506,-1,
2506,2169,2168,-1,
2506,2168,2180,-1,
2311,2245,2162,-1,
2311,2162,2507,-1,
2507,2162,2163,-1,
2507,2163,2177,-1,
2177,2163,2166,-1,
2177,2166,2178,-1,
2178,2166,2171,-1,
846,2311,2507,-1,
846,2507,2508,-1,
2508,2507,2177,-1,
2508,2177,2509,-1,
679,846,834,-1,
834,846,2508,-1,
834,2508,835,-1,
835,2508,2509,-1,
2510,2511,2512,-1,
2513,2184,2185,-1,
2514,2515,2505,-1,
2514,2505,2516,-1,
2517,2516,833,-1,
674,680,835,-1,
674,835,2518,-1,
2519,2518,2179,-1,
2519,2179,2520,-1,
2519,2520,2521,-1,
2519,2521,2522,-1,
2522,2521,2510,-1,
2522,2510,2512,-1,
2523,2512,2524,-1,
2523,2524,2525,-1,
2525,2524,2184,-1,
2525,2184,2513,-1,
2526,2513,2515,-1,
2526,2515,2527,-1,
2527,2515,2528,-1,
2528,2515,2514,-1,
2528,2514,2516,-1,
2528,2516,2517,-1,
865,662,674,-1,
865,674,2518,-1,
865,2518,2519,-1,
873,2522,2512,-1,
873,2512,2523,-1,
2529,2525,2513,-1,
2529,2513,2526,-1,
885,2528,2517,-1,
885,2517,887,-1,
852,887,2517,-1,
852,2517,2530,-1,
853,852,2530,-1,
853,2530,682,-1,
663,662,863,-1,
863,662,865,-1,
866,865,2519,-1,
866,2519,869,-1,
869,2519,2522,-1,
869,2522,871,-1,
871,2522,872,-1,
872,2522,873,-1,
875,873,2523,-1,
875,2523,876,-1,
876,2523,879,-1,
879,2523,2525,-1,
879,2525,2529,-1,
879,2529,882,-1,
882,2529,2526,-1,
882,2526,2527,-1,
882,2527,884,-1,
884,2527,2528,-1,
884,2528,885,-1,
1551,704,2531,-1,
2531,704,1552,-1,
2532,1553,701,-1,
2532,701,716,-1,
2312,714,718,-1,
718,714,713,-1,
2313,1551,2531,-1,
2313,2531,1581,-1,
1581,2531,2533,-1,
1581,2533,2314,-1,
2314,2533,2534,-1,
2314,2534,2315,-1,
2315,2534,2316,-1,
2316,2534,2535,-1,
2316,2535,2317,-1,
2317,2536,1596,-1,
1596,2536,2318,-1,
2319,2537,1606,-1,
1606,2537,2320,-1,
2321,2538,1614,-1,
1614,2538,2539,-1,
1614,2539,2322,-1,
2322,2539,2540,-1,
2322,2540,2323,-1,
2323,2541,1628,-1,
1628,2541,2542,-1,
1628,2542,1629,-1,
1629,2542,2543,-1,
1629,2543,1567,-1,
1567,2543,2324,-1,
2324,2544,635,-1,
635,2544,2545,-1,
635,2545,2325,-1,
2325,2545,2546,-1,
2325,2546,2312,-1,
1569,2312,719,-1,
2299,2328,2298,-1,
2298,2328,1635,-1,
2547,2306,954,-1,
2200,2201,2202,-1,
2548,2390,1844,-1,
2548,1844,2549,-1,
2200,2202,2220,-1,
2404,1920,1921,-1,
2550,1921,1922,-1,
2401,796,798,-1,
798,796,795,-1,
2403,1919,1920,-1,
2248,1919,2403,-1,
2425,2426,1954,-1,
2426,2401,2402,-1,
2402,2401,1946,-1,
2251,2021,2193,-1,
2476,2475,2551,-1,
2254,2253,2464,-1,
1380,2045,2478,-1,
2552,2478,2033,-1,
2552,2033,2479,-1,
2479,2036,2553,-1,
2553,2036,2037,-1,
2553,2037,2040,-1,
2040,2037,2039,-1,
1380,2478,2215,-1,
2215,2478,2554,-1,
2215,2554,2552,-1,
2215,2552,2481,-1,
2482,2258,2481,-1,
2480,2258,2051,-1,
2051,2258,2482,-1,
2501,2132,2141,-1,
2130,2131,2500,-1,
2288,2287,2555,-1,
2288,2555,2556,-1,
2288,2556,830,-1,
830,2556,828,-1,
2557,2260,2502,-1,
2557,2502,2558,-1,
2558,2502,2559,-1,
2164,2243,2244,-1,
2164,2244,2290,-1,
2292,2560,2216,-1,
2186,2503,2187,-1,
2505,2504,2561,-1,
2562,2310,2264,-1,
835,2509,2177,-1,
2533,2531,1552,-1,
2328,2299,2329,-1,
2329,2299,945,-1,
2329,945,2330,-1,
2330,945,2300,-1,
2330,2300,2331,-1,
2331,2563,2332,-1,
2332,2563,2564,-1,
2332,2564,2333,-1,
2333,2564,2334,-1,
2334,2564,2565,-1,
2334,2565,2335,-1,
2335,2565,2336,-1,
2336,2565,2566,-1,
2336,2566,2337,-1,
2337,2566,2338,-1,
2338,2566,2567,-1,
2338,2567,2339,-1,
2339,2567,2568,-1,
2339,2568,2340,-1,
2340,2568,2341,-1,
2341,2568,2343,-1,
2341,2343,2342,-1,
2345,2569,2326,-1,
2326,2569,2327,-1,
2202,2203,2570,-1,
2570,2203,2204,-1,
2403,1920,2404,-1,
2406,1921,2550,-1,
2211,2024,2257,-1,
2475,2571,2551,-1,
2551,2571,2572,-1,
2483,2482,2481,-1,
2500,2131,2573,-1,
2573,2131,2132,-1,
2573,2132,2501,-1,
2216,2560,2154,-1,
2187,2503,2295,-1,
2561,2504,2574,-1,
2518,835,2177,-1,
2518,2177,2179,-1,
2533,1552,2534,-1,
2546,2575,2312,-1,
2534,1552,1553,-1,
2220,2202,2221,-1,
2221,2202,2570,-1,
2221,2570,2576,-1,
2221,2576,2222,-1,
2222,2576,2577,-1,
2222,2577,2224,-1,
2222,2224,2223,-1,
2224,2578,2226,-1,
2224,2226,2225,-1,
2226,2579,2228,-1,
2226,2228,2227,-1,
2228,2580,2581,-1,
2228,2581,2229,-1,
2229,2581,2230,-1,
2230,2581,2582,-1,
2230,2582,2231,-1,
2232,2391,753,-1,
2425,2583,2426,-1,
2426,2583,2401,-1,
2255,2254,2464,-1,
2255,2464,2465,-1,
2554,2478,2552,-1,
2584,2585,811,-1,
811,2585,807,-1,
2500,2573,2196,-1,
2196,2573,2501,-1,
2586,2587,2588,-1,
2558,2559,2589,-1,
2590,2562,2264,-1,
2590,2264,2265,-1,
2534,1553,2532,-1,
2532,716,715,-1,
2299,943,945,-1,
2204,2390,2576,-1,
2405,2404,2406,-1,
2406,2404,1921,-1,
2407,2406,2550,-1,
2256,2591,2024,-1,
2571,2592,2572,-1,
2572,2592,2593,-1,
2594,2595,2596,-1,
2596,2595,2597,-1,
2598,2553,2040,-1,
2483,2481,2599,-1,
2260,2557,2261,-1,
2261,2557,2558,-1,
2261,2558,2262,-1,
2262,2558,2600,-1,
2262,2600,2265,-1,
2265,2600,2266,-1,
2291,2290,2310,-1,
2291,2310,2292,-1,
2503,2601,2295,-1,
2295,2601,2504,-1,
2290,2244,2310,-1,
2520,2179,2171,-1,
2520,2171,2506,-1,
2300,947,2301,-1,
2602,2303,2304,-1,
2602,2304,2305,-1,
2602,2305,2306,-1,
2603,2306,2547,-1,
2256,2255,2465,-1,
2256,2465,2466,-1,
2481,2552,2479,-1,
2481,2479,2553,-1,
2481,2553,2599,-1,
2599,2553,2604,-1,
2604,2553,2605,-1,
2604,2605,2606,-1,
2606,2605,2607,-1,
2606,2607,2608,-1,
2608,2607,2609,-1,
2608,2609,2610,-1,
2610,2609,2611,-1,
2610,2611,2612,-1,
2612,2611,2613,-1,
2612,2613,2614,-1,
2584,2615,2585,-1,
2484,2483,2599,-1,
2600,2558,2589,-1,
2560,2590,2265,-1,
2560,2265,2267,-1,
2521,2520,2506,-1,
2521,2506,2180,-1,
2534,2532,715,-1,
2536,715,1555,-1,
2331,2300,2563,-1,
2570,2204,2576,-1,
2577,2576,2390,-1,
2577,2390,2548,-1,
2408,2407,2550,-1,
2484,2599,2604,-1,
2616,2604,2606,-1,
2135,2136,2143,-1,
2294,2617,2503,-1,
2601,2618,2504,-1,
2574,2619,2620,-1,
2510,2521,2180,-1,
2534,715,2535,-1,
2535,715,2317,-1,
2575,2546,2621,-1,
2575,2621,2312,-1,
2312,2621,714,-1,
2602,2306,2603,-1,
2603,2547,2622,-1,
2550,1922,1923,-1,
2591,2256,2466,-1,
2591,2466,2452,-1,
2484,2604,2616,-1,
2484,2616,2485,-1,
2485,2616,2486,-1,
2141,2134,2501,-1,
2501,2134,2142,-1,
2501,2142,2623,-1,
2502,2501,2559,-1,
2559,2501,2623,-1,
2559,2623,2589,-1,
2600,2589,2624,-1,
2310,2562,2590,-1,
2625,2560,2267,-1,
2625,2267,2268,-1,
2511,2510,2180,-1,
2511,2180,2170,-1,
715,699,1554,-1,
2317,715,2536,-1,
2563,2300,2301,-1,
2550,1923,1924,-1,
2409,2408,2550,-1,
2409,2550,2626,-1,
2591,2627,2024,-1,
2592,2472,2593,-1,
2593,2472,2594,-1,
2605,2598,2040,-1,
2605,2040,2628,-1,
2629,2135,2143,-1,
2589,2623,2630,-1,
2555,2631,2556,-1,
2556,2631,828,-1,
2310,2590,2292,-1,
2292,2590,2560,-1,
2560,2625,2154,-1,
2617,2632,2503,-1,
2618,2280,2504,-1,
2619,2633,2620,-1,
1555,1554,697,-1,
1556,1555,695,-1,
1558,1557,694,-1,
2634,1558,1550,-1,
2634,1550,1559,-1,
2563,2301,2564,-1,
2603,2622,2635,-1,
2550,1924,2626,-1,
2410,2409,2626,-1,
2627,2591,2452,-1,
2627,2452,2467,-1,
2553,2598,2605,-1,
2499,2498,811,-1,
2499,811,1513,-1,
1513,811,810,-1,
2142,2122,2623,-1,
2623,2122,2630,-1,
2630,2122,2135,-1,
2555,2588,826,-1,
2636,2625,2268,-1,
2511,2170,2181,-1,
2511,2181,1473,-1,
715,1554,1555,-1,
2564,2302,2637,-1,
2564,2637,2565,-1,
2565,2637,2638,-1,
2565,2638,2566,-1,
2566,2638,2639,-1,
2566,2639,2640,-1,
2566,2640,2567,-1,
2567,2640,2568,-1,
2568,2640,2641,-1,
2568,2641,2343,-1,
2343,2641,2344,-1,
1027,1028,2642,-1,
2642,1028,1029,-1,
2642,1029,1031,-1,
1031,1032,2643,-1,
1032,1033,1034,-1,
2644,2577,2548,-1,
2644,2548,2549,-1,
2626,1924,2645,-1,
2645,1924,1925,-1,
2646,1925,1926,-1,
2647,1927,1928,-1,
2648,1929,1930,-1,
2410,2626,2645,-1,
2024,2627,2257,-1,
2594,2472,2595,-1,
2628,2040,1266,-1,
1266,2040,1264,-1,
2605,2628,2649,-1,
2486,2616,2606,-1,
2630,2135,2629,-1,
2144,2629,2143,-1,
2624,2589,2630,-1,
2555,829,2631,-1,
2631,829,828,-1,
2266,2600,2624,-1,
2625,2636,2154,-1,
2154,2636,2294,-1,
2632,2601,2503,-1,
2504,2280,2574,-1,
2633,2650,2651,-1,
2512,2511,1473,-1,
2512,1473,2182,-1,
2652,1559,1560,-1,
2536,1555,2318,-1,
2318,1555,2653,-1,
2318,2653,2319,-1,
2319,2653,2537,-1,
2537,2654,2320,-1,
2320,2654,2321,-1,
2321,2654,2538,-1,
2540,2655,2323,-1,
2323,2655,2541,-1,
2543,2656,2324,-1,
2324,2656,2544,-1,
2545,2544,2657,-1,
2545,2657,2546,-1,
2546,2657,2621,-1,
1027,2642,1844,-1,
1844,2642,2549,-1,
2549,2642,1031,-1,
2549,1031,2658,-1,
2658,1031,2659,-1,
2577,2644,2224,-1,
2224,2644,2578,-1,
2578,2660,2226,-1,
2226,2660,2661,-1,
2226,2661,2579,-1,
2579,2661,2228,-1,
2228,2661,2662,-1,
2228,2662,2580,-1,
2581,2580,2582,-1,
2391,2663,751,-1,
2664,2665,796,-1,
796,2665,792,-1,
2646,2645,1925,-1,
2410,2645,2411,-1,
2411,2645,2646,-1,
2411,2646,2412,-1,
2412,2646,2666,-1,
2412,2666,2413,-1,
2413,2666,2667,-1,
2413,2667,2414,-1,
2414,2667,2415,-1,
2415,2667,2668,-1,
2415,2668,2416,-1,
2416,2668,2417,-1,
2417,2668,2669,-1,
2417,2669,2418,-1,
2418,2669,2419,-1,
2419,2669,2670,-1,
2419,2670,2420,-1,
2420,2670,2421,-1,
2421,2670,2671,-1,
2421,2671,2422,-1,
2422,2671,2672,-1,
2422,2672,2423,-1,
2423,2672,2424,-1,
2424,2672,2673,-1,
2424,2673,2425,-1,
2425,2673,2583,-1,
2401,2583,796,-1,
2627,2467,2468,-1,
2649,2628,1266,-1,
2487,2486,2608,-1,
2608,2486,2606,-1,
2674,2630,2675,-1,
2676,2677,2678,-1,
2678,2679,2680,-1,
2679,2681,827,-1,
2674,2624,2630,-1,
2682,2266,2624,-1,
2636,2268,2271,-1,
2524,2512,2182,-1,
2524,2182,1475,-1,
2653,1555,2537,-1,
2657,711,714,-1,
714,711,710,-1,
2564,2301,2302,-1,
2344,2641,2345,-1,
2578,2644,2549,-1,
2578,2549,2658,-1,
2683,2684,2685,-1,
1928,1929,2648,-1,
2627,2468,2257,-1,
2257,2468,2475,-1,
2686,803,2687,-1,
2688,1266,2212,-1,
2605,2649,2689,-1,
2488,2487,2608,-1,
2630,2629,2144,-1,
2682,2624,2675,-1,
2675,2624,2674,-1,
2269,2266,2682,-1,
2294,2636,2617,-1,
2651,2650,831,-1,
2617,2636,2271,-1,
2184,2524,1475,-1,
2537,1555,1556,-1,
1556,1557,1558,-1,
2690,1558,2634,-1,
2621,2657,714,-1,
2654,2537,2691,-1,
2637,2302,2303,-1,
2637,2303,2602,-1,
2637,2602,2692,-1,
2693,2692,2602,-1,
2693,2602,2603,-1,
2694,2695,2696,-1,
2663,2697,751,-1,
751,2697,748,-1,
2667,2666,2646,-1,
2475,2468,2469,-1,
2475,2469,2455,-1,
2688,2212,2476,-1,
2649,1266,2688,-1,
2605,2689,2607,-1,
2607,2689,2698,-1,
2607,2698,2609,-1,
2609,2698,2699,-1,
2609,2699,2611,-1,
2611,2699,2700,-1,
2611,2700,2701,-1,
2611,2701,2613,-1,
2613,2701,2702,-1,
2613,2702,2614,-1,
2702,2585,2703,-1,
2703,2585,2615,-1,
2675,2630,2144,-1,
2704,2682,2675,-1,
2270,2269,2705,-1,
2705,2269,2682,-1,
2632,2617,2272,-1,
2272,2617,2271,-1,
2537,1556,2691,-1,
2691,1556,2706,-1,
2707,2708,2657,-1,
2706,2654,2691,-1,
2640,2709,2641,-1,
1032,1034,2710,-1,
2578,2658,2659,-1,
2711,2684,2683,-1,
2683,2685,2712,-1,
2646,1926,2713,-1,
2713,1926,1927,-1,
2714,1928,2648,-1,
2713,2667,2646,-1,
2571,2475,2455,-1,
2551,2688,2476,-1,
2715,2649,2688,-1,
2715,2689,2649,-1,
2489,2488,2610,-1,
2610,2488,2608,-1,
2144,2143,2123,-1,
2705,2682,2716,-1,
2716,2682,2704,-1,
2601,2632,2272,-1,
2538,2654,2717,-1,
2717,2654,2706,-1,
2637,2692,2693,-1,
2659,1031,2718,-1,
2685,2719,2720,-1,
2685,2720,2712,-1,
2712,2720,2721,-1,
2712,2721,2695,-1,
2695,2721,2696,-1,
2578,2659,2660,-1,
2660,2659,2718,-1,
2660,2718,2661,-1,
2580,2683,2582,-1,
2582,2722,2231,-1,
2231,2722,2232,-1,
2647,2713,1927,-1,
2668,2667,2647,-1,
2647,2667,2713,-1,
2592,2571,2470,-1,
2470,2571,2455,-1,
2715,2688,2551,-1,
2698,2689,2715,-1,
2490,2489,2610,-1,
824,2723,820,-1,
2675,2144,2704,-1,
2273,2270,2724,-1,
2724,2270,2705,-1,
2275,2601,2272,-1,
2185,2187,2296,-1,
2706,1556,2717,-1,
2717,1556,1558,-1,
2539,2538,2690,-1,
2690,2538,2717,-1,
2638,2637,2693,-1,
2643,1032,2725,-1,
2725,1032,2710,-1,
2661,2718,2684,-1,
2661,2684,2711,-1,
2726,1928,2714,-1,
2714,2648,1931,-1,
2727,2668,2647,-1,
2471,2592,2470,-1,
2596,2551,2572,-1,
2491,2490,2610,-1,
2728,2704,2144,-1,
2716,2704,2728,-1,
2724,2705,2729,-1,
2729,2705,2716,-1,
2274,2273,2724,-1,
2618,2601,2276,-1,
2276,2601,2275,-1,
2513,2185,2296,-1,
2513,2296,2297,-1,
2634,1559,2652,-1,
2540,2539,2730,-1,
2730,2539,2690,-1,
2622,954,955,-1,
2622,955,957,-1,
2731,957,2732,-1,
2732,957,1636,-1,
2733,2693,2603,-1,
2733,2603,2635,-1,
1031,2643,2718,-1,
2734,2735,2664,-1,
2664,2735,2665,-1,
2727,2647,1928,-1,
2669,2668,2736,-1,
2736,2668,2727,-1,
2472,2592,2457,-1,
2457,2592,2471,-1,
2596,2572,2593,-1,
2737,2551,2596,-1,
2737,2715,2551,-1,
2738,2698,2715,-1,
2492,2491,2612,-1,
2612,2491,2610,-1,
2144,2124,2739,-1,
2739,2124,2138,-1,
2739,2138,2125,-1,
2739,2728,2144,-1,
2740,2724,2729,-1,
2741,2274,2724,-1,
2280,2618,2276,-1,
2515,2513,2297,-1,
2717,1558,2690,-1,
2708,2707,2742,-1,
2708,2742,2657,-1,
2657,2742,711,-1,
2655,2540,2634,-1,
2634,2540,2730,-1,
954,2622,2547,-1,
2635,2622,2743,-1,
2743,2744,2745,-1,
2745,2744,2731,-1,
2731,2732,2746,-1,
2638,2693,2733,-1,
2638,2733,2639,-1,
2640,2639,2709,-1,
2641,2747,2345,-1,
2345,2747,2569,-1,
2569,2748,2327,-1,
2327,2748,731,-1,
2710,1034,1038,-1,
1038,1034,1037,-1,
1038,1037,1039,-1,
1840,1040,741,-1,
2718,2643,2725,-1,
2727,1928,2736,-1,
2736,1928,2726,-1,
2714,1931,2749,-1,
2596,2593,2594,-1,
2738,2715,2737,-1,
2699,2698,2738,-1,
2493,2492,2612,-1,
821,2750,817,-1,
2751,2728,2739,-1,
2729,2716,2751,-1,
2751,2716,2728,-1,
2741,2724,2740,-1,
2277,2274,2741,-1,
2279,2280,2276,-1,
2515,2297,2505,-1,
2752,2634,2652,-1,
2639,2733,2635,-1,
2639,2635,2743,-1,
2745,2731,2746,-1,
2725,2710,2719,-1,
2718,2725,2684,-1,
2684,2725,2719,-1,
2684,2719,2685,-1,
2661,2711,2683,-1,
2661,2683,2662,-1,
2662,2683,2580,-1,
2683,2753,2582,-1,
2582,2753,2722,-1,
2232,2722,2391,-1,
2391,2722,2663,-1,
2670,2669,2754,-1,
2754,2669,2736,-1,
2595,2472,2473,-1,
2737,2596,2755,-1,
2756,2757,804,-1,
2494,2493,2612,-1,
2740,2729,2751,-1,
2758,2741,2740,-1,
2278,2277,2676,-1,
2676,2277,2741,-1,
2730,2690,2634,-1,
2542,2541,2759,-1,
2759,2541,2655,-1,
2746,2732,2760,-1,
2746,2760,2761,-1,
731,2748,727,-1,
2762,1840,741,-1,
2753,2712,2695,-1,
2763,2670,2754,-1,
2474,2595,2473,-1,
2764,2596,2597,-1,
2755,2596,2764,-1,
2765,2737,2755,-1,
2765,2738,2737,-1,
2700,2699,2766,-1,
2766,2699,2738,-1,
2495,2494,2614,-1,
2614,2494,2612,-1,
2767,2768,2750,-1,
2751,2739,2125,-1,
2769,2751,2145,-1,
2769,2740,2751,-1,
2676,2741,2677,-1,
2677,2741,2758,-1,
2770,2278,2676,-1,
2619,2574,2281,-1,
2281,2574,2280,-1,
2505,2561,2574,-1,
2752,2652,1562,-1,
2543,2542,2771,-1,
2771,2542,2759,-1,
2639,2743,2745,-1,
2710,1038,2719,-1,
2772,2762,747,-1,
2721,2773,2696,-1,
2696,2773,747,-1,
2696,747,746,-1,
2696,746,750,-1,
750,746,745,-1,
2720,2719,2774,-1,
2648,1930,1931,-1,
2736,2726,2754,-1,
2754,2726,2714,-1,
2754,2714,2763,-1,
2763,2714,2749,-1,
2775,2776,2735,-1,
2775,2735,2734,-1,
2671,2670,2749,-1,
2749,2670,2763,-1,
2597,2595,2474,-1,
2777,2764,2597,-1,
2766,2738,2765,-1,
2496,2495,2614,-1,
1199,2145,2139,-1,
2145,2751,2125,-1,
2758,2740,2769,-1,
2281,2278,2770,-1,
2633,2619,2283,-1,
2283,2619,2281,-1,
2516,2505,2574,-1,
2516,2574,2620,-1,
2634,2752,2655,-1,
2655,2752,2759,-1,
2759,2752,1562,-1,
2759,1562,2771,-1,
2771,1562,2778,-1,
2778,1562,2742,-1,
2778,2742,2707,-1,
2656,2543,2778,-1,
2778,2543,2771,-1,
2622,957,2743,-1,
2743,957,2744,-1,
2744,957,2731,-1,
2761,2760,725,-1,
2639,2745,2709,-1,
2719,1038,1840,-1,
2683,2712,2753,-1,
2753,2695,2694,-1,
2672,2671,2776,-1,
2776,2671,2749,-1,
2686,2597,2461,-1,
2461,2597,2474,-1,
2777,2597,2686,-1,
2765,2755,2764,-1,
2701,2700,2779,-1,
2779,2700,2766,-1,
2497,2496,2702,-1,
2702,2496,2614,-1,
2780,2769,2781,-1,
2677,2758,2780,-1,
2780,2758,2769,-1,
2678,2770,2676,-1,
2282,2281,2782,-1,
2782,2281,2770,-1,
2650,2633,2284,-1,
2284,2633,2283,-1,
1560,690,1561,-1,
2742,1562,2783,-1,
2742,2783,711,-1,
2544,2656,2707,-1,
2707,2656,2778,-1,
2641,2709,2745,-1,
2641,2745,2746,-1,
728,2761,725,-1,
2719,1840,2774,-1,
2774,1840,2762,-1,
2774,2762,2772,-1,
2721,2720,2772,-1,
2772,2720,2774,-1,
1931,1932,2749,-1,
2749,1932,1933,-1,
2749,1933,2776,-1,
2776,1933,1309,-1,
2776,1309,2784,-1,
2775,2672,2776,-1,
803,2686,2018,-1,
2018,2686,2461,-1,
2687,2777,2686,-1,
2785,2764,2777,-1,
2785,2765,2764,-1,
2786,2766,2787,-1,
2787,2766,2765,-1,
2779,2766,2786,-1,
2703,2497,2702,-1,
2769,2145,1199,-1,
2767,2780,2768,-1,
2768,2780,2781,-1,
2678,2677,2767,-1,
2767,2677,2780,-1,
2782,2770,2680,-1,
2680,2770,2678,-1,
2284,2282,2587,-1,
2587,2282,2782,-1,
2286,2650,2284,-1,
833,2516,2620,-1,
833,2620,2633,-1,
1560,1561,2652,-1,
2652,1561,1562,-1,
1562,689,2783,-1,
2783,689,1563,-1,
2783,1563,711,-1,
2732,1636,959,-1,
2747,2641,2746,-1,
2773,2721,2772,-1,
2722,2753,2694,-1,
2735,2776,2784,-1,
2735,2784,793,-1,
2673,2672,2734,-1,
2734,2672,2775,-1,
2017,803,2018,-1,
2785,2777,2687,-1,
2787,2765,2788,-1,
2788,2765,2785,-1,
2789,2701,2779,-1,
2789,2702,2701,-1,
2498,2497,2615,-1,
2615,2497,2703,-1,
2769,1199,2781,-1,
2679,2678,2790,-1,
2790,2678,2767,-1,
2587,2782,2679,-1,
2679,2782,2680,-1,
2285,2284,2586,-1,
2586,2284,2587,-1,
831,2650,1470,-1,
1470,2650,2286,-1,
832,833,2633,-1,
832,2633,2651,-1,
833,683,2517,-1,
2517,683,2530,-1,
2530,683,682,-1,
2657,2544,2707,-1,
2791,2761,728,-1,
2791,728,727,-1,
2663,749,2697,-1,
2697,749,748,-1,
2583,2673,2664,-1,
2664,2673,2734,-1,
802,2687,803,-1,
2788,2785,2687,-1,
806,2786,2756,-1,
2756,2786,2787,-1,
806,2779,2786,-1,
809,2789,2779,-1,
2585,2702,2789,-1,
2584,2498,2615,-1,
2768,2781,818,-1,
2723,2790,2750,-1,
2750,2790,2767,-1,
2681,2679,2723,-1,
2723,2679,2790,-1,
2588,2587,2679,-1,
2287,2285,2588,-1,
2588,2285,2586,-1,
683,832,2651,-1,
683,2651,831,-1,
1563,1228,711,-1,
711,1228,712,-1,
2732,959,726,-1,
726,959,722,-1,
726,722,721,-1,
2732,726,2760,-1,
2747,2746,2569,-1,
2569,2746,2761,-1,
2569,2761,2748,-1,
743,744,739,-1,
747,2773,2772,-1,
2663,2722,2696,-1,
2696,2722,2694,-1,
519,801,803,-1,
2788,2687,801,-1,
801,2687,802,-1,
2792,2787,2788,-1,
2793,2779,806,-1,
2793,809,2779,-1,
808,2789,809,-1,
808,2585,2789,-1,
2147,813,812,-1,
1199,2146,2781,-1,
2781,2146,818,-1,
2750,2768,818,-1,
821,2723,2750,-1,
827,2681,824,-1,
824,2681,2723,-1,
827,2588,2679,-1,
2555,2287,2588,-1,
683,831,681,-1,
726,725,2760,-1,
2748,2761,2791,-1,
2748,2791,727,-1,
2762,741,744,-1,
744,741,740,-1,
2762,744,747,-1,
747,744,743,-1,
749,2663,750,-1,
750,2663,2696,-1,
2784,1309,793,-1,
793,1309,1934,-1,
2735,793,2665,-1,
2665,793,792,-1,
796,2583,2664,-1,
525,1102,532,-1,
518,801,519,-1,
2792,801,518,-1,
2792,518,517,-1,
2792,2788,801,-1,
2757,2787,2792,-1,
2757,2756,2787,-1,
804,806,2756,-1,
805,2793,806,-1,
805,809,2793,-1,
807,2585,808,-1,
811,2498,2584,-1,
2146,2147,818,-1,
818,2147,815,-1,
817,2750,818,-1,
820,2723,821,-1,
823,827,819,-1,
819,827,824,-1,
826,2588,827,-1,
829,2555,826,-1,
830,831,2188,-1,
794,793,1934,-1,
812,815,2147,-1,
2794,219,218,-1,
218,217,2794,-1,
2794,217,216,-1,
2794,216,2795,-1,
2795,216,223,-1,
2795,223,2796,-1,
2796,223,226,-1,
2796,226,446,-1,
2796,446,2797,-1,
2797,446,440,-1,
2797,440,2798,-1,
2798,440,443,-1,
2798,443,2799,-1,
2799,443,438,-1,
2799,438,2800,-1,
2800,438,432,-1,
2800,432,2801,-1,
2801,432,425,-1,
2801,425,2802,-1,
2802,425,422,-1,
2802,422,2803,-1,
2803,422,233,-1,
2803,233,417,-1,
417,237,2804,-1,
2804,237,240,-1,
2804,240,412,-1,
412,240,414,-1,
414,407,412,-1,
412,2805,2804,-1,
412,406,2805,-1,
406,251,2805,-1,
2805,251,252,-1,
2805,252,2806,-1,
2806,252,2807,-1,
2807,252,197,-1,
197,194,2808,-1,
197,2808,2807,-1,
2807,2808,2809,-1,
194,193,2808,-1,
2808,193,2810,-1,
2811,2812,2813,-1,
2813,2812,2814,-1,
2813,2814,151,-1,
151,2814,346,-1,
346,2814,2815,-1,
346,2815,2816,-1,
346,2816,347,-1,
347,2816,348,-1,
348,2816,2817,-1,
348,2817,350,-1,
350,2817,360,-1,
360,2817,362,-1,
362,2817,304,-1,
304,2817,2818,-1,
2818,366,305,-1,
366,2819,367,-1,
367,2819,2820,-1,
367,2820,369,-1,
369,2820,2821,-1,
369,2821,370,-1,
370,2821,375,-1,
375,2821,2822,-1,
375,2822,292,-1,
292,2822,2823,-1,
292,2823,2824,-1,
292,2824,382,-1,
382,2824,167,-1,
385,2825,388,-1,
388,2825,274,-1,
274,2825,270,-1,
274,270,273,-1,
260,193,195,-1,
2826,260,188,-1,
188,186,399,-1,
177,2827,399,-1,
399,2827,2826,-1,
399,2826,188,-1,
2827,177,2828,-1,
177,176,2828,-1,
2828,176,2829,-1,
2829,176,268,-1,
2829,268,270,-1,
2830,2829,2831,-1,
2830,2831,2832,-1,
2832,2831,2833,-1,
305,304,2818,-1,
151,146,2813,-1,
2813,146,2834,-1,
2834,146,145,-1,
2834,145,344,-1,
2834,344,2835,-1,
2835,344,342,-1,
342,343,2835,-1,
2835,343,2836,-1,
2835,2836,2837,-1,
2838,2839,2840,-1,
2838,2840,2841,-1,
2836,343,138,-1,
137,134,322,-1,
2842,322,319,-1,
2842,319,130,-1,
2842,130,2794,-1,
2794,130,219,-1,
2842,2794,2795,-1,
137,322,2843,-1,
2843,322,2842,-1,
2843,2842,2844,-1,
2845,2846,2847,-1,
2845,2847,2848,-1,
2844,2842,2849,-1,
2849,2842,2795,-1,
2849,2795,2850,-1,
2850,2795,2851,-1,
2850,2851,2852,-1,
2852,2851,2797,-1,
2852,2797,2853,-1,
2853,2797,2798,-1,
2853,2798,2854,-1,
2854,2798,2799,-1,
2854,2799,2846,-1,
2846,2799,2800,-1,
2846,2800,2847,-1,
138,137,2843,-1,
2855,2843,2844,-1,
2855,2844,2856,-1,
2856,2844,2849,-1,
2856,2849,2857,-1,
2857,2849,2850,-1,
2857,2850,2858,-1,
2858,2850,2852,-1,
2858,2852,2859,-1,
2859,2852,2853,-1,
2859,2853,2860,-1,
2860,2853,2854,-1,
2860,2854,2861,-1,
2861,2854,2846,-1,
2861,2846,2845,-1,
2862,2845,2848,-1,
2862,2848,2863,-1,
2836,138,2843,-1,
2836,2843,2837,-1,
2837,2843,2855,-1,
2837,2855,2864,-1,
2864,2855,2856,-1,
2864,2856,2865,-1,
2865,2856,2857,-1,
2865,2857,2866,-1,
2866,2857,2858,-1,
2866,2858,2867,-1,
2867,2858,2859,-1,
2867,2859,2868,-1,
2868,2859,2860,-1,
2868,2860,2869,-1,
2869,2860,2861,-1,
2869,2861,2870,-1,
2870,2861,2845,-1,
2870,2845,2871,-1,
2871,2845,2862,-1,
2871,2862,2839,-1,
2839,2862,2863,-1,
2839,2863,2840,-1,
2872,2835,2837,-1,
2872,2837,2873,-1,
2873,2837,2864,-1,
2873,2864,2874,-1,
2874,2864,2865,-1,
2874,2865,2875,-1,
2875,2865,2866,-1,
2875,2866,2876,-1,
2876,2866,2867,-1,
2876,2867,2877,-1,
2877,2867,2868,-1,
2877,2868,2878,-1,
2878,2868,2869,-1,
2878,2869,2879,-1,
2879,2869,2870,-1,
2879,2870,2880,-1,
2880,2870,2871,-1,
2880,2871,2881,-1,
2881,2871,2839,-1,
2881,2839,2838,-1,
2882,2838,2841,-1,
2882,2841,2883,-1,
2834,2835,2872,-1,
2884,2881,2838,-1,
2884,2838,2882,-1,
2885,2882,2883,-1,
2885,2883,2809,-1,
2813,2834,2886,-1,
2886,2834,2887,-1,
2887,2834,2872,-1,
2887,2872,2888,-1,
2888,2872,2873,-1,
2888,2873,2889,-1,
2889,2873,2874,-1,
2889,2874,2890,-1,
2890,2874,2875,-1,
2890,2875,2891,-1,
2891,2875,2876,-1,
2891,2876,2892,-1,
2892,2876,2877,-1,
2892,2877,2893,-1,
2893,2877,2878,-1,
2893,2878,2894,-1,
2894,2878,2879,-1,
2894,2879,2895,-1,
2895,2879,2880,-1,
2895,2880,2896,-1,
2896,2880,2881,-1,
2896,2881,2884,-1,
2897,2884,2882,-1,
2897,2882,2885,-1,
2898,2885,2809,-1,
2898,2809,2808,-1,
2813,2886,2811,-1,
2811,2886,2887,-1,
2811,2887,2899,-1,
2899,2887,2888,-1,
2899,2888,2900,-1,
2900,2888,2889,-1,
2900,2889,2901,-1,
2901,2889,2890,-1,
2901,2890,2902,-1,
2902,2890,2891,-1,
2902,2891,2903,-1,
2903,2891,2892,-1,
2903,2892,2904,-1,
2904,2892,2893,-1,
2904,2893,2905,-1,
2905,2893,2894,-1,
2905,2894,2906,-1,
2906,2894,2895,-1,
2906,2895,2907,-1,
2907,2895,2896,-1,
2907,2896,2908,-1,
2908,2896,2884,-1,
2908,2884,2909,-1,
2909,2884,2897,-1,
2909,2897,2910,-1,
2910,2897,2885,-1,
2910,2885,2911,-1,
2911,2885,2898,-1,
2911,2898,2810,-1,
2810,2898,2808,-1,
2912,2814,2812,-1,
2912,2812,2913,-1,
2913,2812,2914,-1,
2914,2812,2811,-1,
2914,2811,2915,-1,
2915,2811,2899,-1,
2915,2899,2916,-1,
2916,2899,2900,-1,
2916,2900,2917,-1,
2917,2900,2901,-1,
2917,2901,2918,-1,
2918,2901,2902,-1,
2918,2902,2919,-1,
2919,2902,2903,-1,
2919,2903,2920,-1,
2920,2903,2904,-1,
2920,2904,2921,-1,
2921,2904,2905,-1,
2921,2905,2922,-1,
2922,2905,2906,-1,
2922,2906,2923,-1,
2923,2906,2907,-1,
2923,2907,2924,-1,
2924,2907,2908,-1,
2924,2908,2925,-1,
2925,2908,2909,-1,
2925,2909,2926,-1,
2926,2909,2910,-1,
2926,2910,2927,-1,
2927,2910,2911,-1,
2927,2911,2928,-1,
2928,2911,2810,-1,
2928,2810,260,-1,
260,2810,193,-1,
2815,2814,2912,-1,
2815,2912,2816,-1,
2816,2912,2913,-1,
2816,2913,2929,-1,
2929,2913,2914,-1,
2929,2914,2930,-1,
2930,2914,2915,-1,
2930,2915,2931,-1,
2931,2915,2916,-1,
2931,2916,2932,-1,
2932,2916,2917,-1,
2932,2917,2933,-1,
2933,2917,2918,-1,
2933,2918,2934,-1,
2934,2918,2919,-1,
2934,2919,2935,-1,
2935,2919,2920,-1,
2935,2920,2936,-1,
2936,2920,2921,-1,
2936,2921,2937,-1,
2937,2921,2922,-1,
2937,2922,2938,-1,
2938,2922,2923,-1,
2938,2923,2939,-1,
2939,2923,2924,-1,
2939,2924,2940,-1,
2940,2924,2925,-1,
2940,2925,2941,-1,
2941,2925,2926,-1,
2941,2926,2942,-1,
2942,2926,2927,-1,
2942,2927,2826,-1,
2826,2927,2928,-1,
2826,2928,260,-1,
2818,2817,2816,-1,
2818,2816,2929,-1,
2818,2929,2819,-1,
2819,2929,2930,-1,
2819,2930,2943,-1,
2943,2930,2931,-1,
2943,2931,2944,-1,
2944,2931,2932,-1,
2944,2932,2945,-1,
2945,2932,2933,-1,
2945,2933,2946,-1,
2946,2933,2934,-1,
2946,2934,2947,-1,
2947,2934,2935,-1,
2947,2935,2948,-1,
2948,2935,2936,-1,
2948,2936,2949,-1,
2949,2936,2937,-1,
2949,2937,2950,-1,
2950,2937,2938,-1,
2950,2938,2951,-1,
2951,2938,2939,-1,
2951,2939,2952,-1,
2952,2939,2940,-1,
2952,2940,2953,-1,
2953,2940,2941,-1,
2953,2941,2954,-1,
2954,2941,2942,-1,
2954,2942,2827,-1,
2827,2942,2826,-1,
2797,2851,2796,-1,
2796,2851,2795,-1,
2819,366,2818,-1,
2955,2819,2943,-1,
2955,2943,2944,-1,
2820,2819,2955,-1,
2956,2955,2944,-1,
2956,2944,2945,-1,
2820,2955,2956,-1,
2957,2956,2945,-1,
2957,2945,2946,-1,
2821,2820,2956,-1,
2821,2956,2957,-1,
2958,2957,2946,-1,
2958,2946,2947,-1,
2821,2957,2958,-1,
2959,2958,2947,-1,
2959,2947,2948,-1,
2822,2821,2958,-1,
2822,2958,2959,-1,
2800,2801,2847,-1,
2847,2801,2848,-1,
2848,2801,2802,-1,
2848,2802,2863,-1,
2863,2802,2803,-1,
2863,2803,2840,-1,
2840,2803,2960,-1,
2840,2960,2841,-1,
2841,2960,2804,-1,
2841,2804,2883,-1,
2883,2804,2806,-1,
2883,2806,2809,-1,
2809,2806,2807,-1,
2961,2959,2948,-1,
2961,2948,2949,-1,
2823,2822,2959,-1,
2823,2959,2961,-1,
2960,2803,2804,-1,
2804,2805,2806,-1,
2962,2961,2949,-1,
2962,2949,2950,-1,
2823,2961,2962,-1,
2823,2962,2963,-1,
2963,2962,2964,-1,
2963,2964,2965,-1,
2965,2964,2833,-1,
2965,2833,2831,-1,
2964,2962,2950,-1,
2964,2950,2951,-1,
2824,2966,167,-1,
167,2966,385,-1,
2824,2823,2963,-1,
2833,2964,2951,-1,
2833,2951,2952,-1,
2965,2831,2829,-1,
417,2804,2803,-1,
2832,2833,2952,-1,
2832,2952,2953,-1,
2824,2963,2966,-1,
2966,2963,2825,-1,
2966,2825,385,-1,
2825,2963,2965,-1,
2828,2832,2953,-1,
2828,2953,2954,-1,
2830,2832,2828,-1,
2825,2965,2829,-1,
2827,2828,2954,-1,
2828,2829,2830,-1,
270,2825,2829,-1,
87,2967,88,-1,
88,2967,2968,-1,
88,2968,89,-1,
89,2968,90,-1,
90,2968,91,-1,
91,2968,92,-1,
92,2968,93,-1,
93,2968,94,-1,
94,2968,95,-1,
95,2968,96,-1,
96,2968,97,-1,
97,2968,98,-1,
98,2968,2969,-1,
98,2969,99,-1,
99,2969,100,-1,
100,2969,101,-1,
101,2969,102,-1,
102,2969,103,-1,
103,2969,104,-1,
104,2969,105,-1,
105,2969,106,-1,
106,2969,107,-1,
107,2969,2970,-1,
107,2970,108,-1,
108,2970,109,-1,
109,2970,110,-1,
110,2970,111,-1,
111,2970,112,-1,
112,2970,113,-1,
113,2970,114,-1,
114,2970,115,-1,
115,2970,116,-1,
116,2970,2967,-1,
116,2967,117,-1,
117,2967,118,-1,
118,2967,119,-1,
119,2967,120,-1,
120,2967,121,-1,
121,2967,122,-1,
122,2967,123,-1,
123,2967,124,-1,
124,2967,125,-1,
125,2967,87,-1,
2971,2972,2970,-1,
2970,2972,2967,-1,
2973,2971,2969,-1,
2969,2971,2970,-1,
2974,2973,2968,-1,
2968,2973,2969,-1,
2972,2974,2967,-1,
2967,2974,2968,-1,
2975,807,2976,-1,
2976,807,805,-1,
2976,805,2977,-1,
2977,805,804,-1,
2977,804,2978,-1,
2978,804,2757,-1,
2979,2757,2792,-1,
2979,2792,517,-1,
2979,517,2980,-1,
2980,2981,2979,-1,
2979,2981,2757,-1,
2757,2981,2978,-1,
2978,2976,2977,-1,
807,2975,810,-1,
810,2975,812,-1,
812,2975,814,-1,
814,2975,816,-1,
816,2975,2982,-1,
816,2982,819,-1,
819,2982,822,-1,
822,2982,825,-1,
825,2982,828,-1,
2971,2983,2972,-1,
2972,2983,2984,-1,
2972,2984,2974,-1,
2974,2984,2985,-1,
2974,2985,2986,-1,
2986,2985,2987,-1,
2973,2975,2971,-1,
2971,2975,2980,-1,
2971,2980,2983,-1,
2974,2988,2973,-1,
2973,2988,2982,-1,
2973,2982,2975,-1,
2975,2976,2978,-1,
2975,2978,2981,-1,
2975,2981,2980,-1,
2983,2989,2984,-1,
2984,2989,2990,-1,
2986,2987,2991,-1,
2986,2988,2974,-1,
2988,2992,2993,-1,
2988,2993,2994,-1,
2988,2994,2982,-1,
2983,794,2995,-1,
2995,794,1934,-1,
2995,1934,1094,-1,
2995,1094,540,-1,
2996,540,542,-1,
542,752,2997,-1,
2997,752,751,-1,
2997,751,748,-1,
2997,748,2984,-1,
2984,2990,2997,-1,
2997,2990,542,-1,
542,2990,2996,-1,
2990,2989,2996,-1,
2996,2989,540,-1,
540,2989,2995,-1,
2989,2983,2995,-1,
748,745,2984,-1,
2984,745,742,-1,
2984,742,739,-1,
739,737,2984,-1,
2984,737,2985,-1,
2985,737,735,-1,
2985,735,597,-1,
597,601,2985,-1,
2985,601,606,-1,
2985,606,2998,-1,
2998,606,1687,-1,
2998,1687,733,-1,
732,729,2991,-1,
2991,729,2999,-1,
2999,729,731,-1,
2999,731,727,-1,
2999,727,2986,-1,
2986,2991,2999,-1,
2991,2987,732,-1,
732,2987,733,-1,
733,2987,2998,-1,
2987,2985,2998,-1,
712,1228,2992,-1,
2992,1228,3000,-1,
3000,1228,854,-1,
2993,854,853,-1,
2993,853,3001,-1,
3001,853,682,-1,
3001,682,681,-1,
681,828,2982,-1,
2982,2994,681,-1,
681,2994,3001,-1,
2994,2993,3001,-1,
854,2993,3000,-1,
2993,2992,3000,-1,
2992,2988,712,-1,
517,526,2980,-1,
2980,526,531,-1,
2980,531,529,-1,
529,535,2980,-1,
2980,535,2983,-1,
2983,535,797,-1,
2983,797,795,-1,
795,792,2983,-1,
2983,792,794,-1,
727,724,2986,-1,
2986,724,720,-1,
2986,720,611,-1,
611,614,2986,-1,
2986,614,2988,-1,
2988,614,717,-1,
2988,717,713,-1,
713,710,2988,-1,
2988,710,712,-1
    ]
  }
}
